,eccentricity,argument of perigee,inclination,mean anomaly,Brouwer mean motion,right ascension
2020-12-06 03:35:09.704831,0.000582,4.515485266473417,1.1527149217844188,-4.514846640833748,0.056153801090974606,0.15362633777594495
2020-12-07 01:58:23.043359,0.0005827,4.508687477977747,1.1527149217844188,-4.507982341464529,0.0561537992571918,0.11947275542438272
2020-12-08 02:13:32.505312,0.0005834,4.527617701540895,1.1527166671136708,-4.526938283583815,0.05615378732826872,0.0824605672544296
2020-12-09 08:04:30.230399,0.0005817,4.508104485565439,1.152711431125915,-4.507462974306913,0.05615377534886733,0.03687118049199567
2020-12-10 04:35:47.369472,0.0005819,4.511529710372479,1.1527166671136708,-4.510915012065909,0.05615377601978031,0.005545728972194221
2020-12-13 18:34:16.658688,0.0005755,4.491586846677386,1.1527061951381588,-3.9591592744336013,0.05615377886933372,-0.1256304378767736
2020-12-14 15:07:50.364192,0.0006595,1.6668386029695548,1.1526503446020953,-1.663748301494472,0.05605040967421627,6.12670372308643
2020-12-15 13:37:38.972352,0.0008141,4.609636304597327,1.1525979847245353,-4.60948164198617,0.05592977198455696,6.092785834969556
2020-12-16 08:21:28.922688,0.0007693,4.704736407903641,1.152653835260599,-4.704500531333593,0.055929858975659115,6.0644731627313995
2020-12-17 01:12:55.866239,0.0007701,4.696219867443083,1.1526520899313473,-4.695987188505554,0.05592982335800597,6.038989697210333
2020-12-18 10:56:27.540383,0.0008269,4.706779481037055,1.1525665687979993,-4.7066595334462775,0.05591849345953383,5.988112103204825
2020-12-19 09:25:43.469472,0.000815,4.865088309985834,1.152681760528631,-4.8649251156419995,0.05590750441071227,5.953982618569731
2020-12-21 06:24:02.673503,0.0007699,4.724190646121513,1.1527131764551668,-4.723955681959513,0.055906859467016165,5.8861025832863065
2020-12-22 04:53:12.024096,0.0007839,4.647452276251337,1.1527463377109548,-4.647244382984181,0.05590679041383569,5.852160104663842
2020-12-23 08:59:38.425055,0.0007829,4.642500881136654,1.1527166671136708,-4.642276700741383,0.055906793648229584,5.809699516985759
2020-12-24 09:21:13.363200,0.0007871,4.6351237516297825,1.1527253937599309,-4.634904292944222,0.05590678796364131,5.772922501919776
2020-12-25 07:50:22.542719,0.0007864,4.6313260178183695,1.152720157772175,-4.6311036981661164,0.055906783759846555,5.7389648511052505
2020-12-26 08:11:57.445439,0.0007864,4.631076337158098,1.1527253937599309,-4.630868927902165,0.05590678556221697,5.702186071278159
2020-12-27 08:33:32.333472,0.0007885,4.630806104753109,1.1527236484306789,-4.630614293533036,0.05590678753755059,5.665403115330175
2020-12-28 05:10:15.718080,0.0007873,4.629817029441447,1.1527219031014269,-4.629614817725439,0.05590678898882005,5.634276545997196
2020-12-29 07:24:16.374240,0.0007875,4.624806393590646,1.1527236484306789,-4.62461402606838,0.055906790200882676,5.594666776463321
2020-12-30 13:23:08.554560,0.0007874,4.625338193434864,1.152707940467411,-4.625142682318976,0.055906789290918156,5.549372367881406
2020-12-31 06:15:00.415872,0.0007893,4.619148350621226,1.152704449808907,-4.618947152922495,0.05590678852601898,5.523900709392945
2021-01-01 06:36:35.319456,0.0007881,4.61867638334723,1.152700959150403,-4.6184827155752455,0.055906787848326915,5.487101879408417
2021-01-02 05:05:44.460960,0.0007895,4.622190721442291,1.152699213821151,-4.621995877649365,0.05590678838279023,5.453130683925565
2021-01-03 05:27:19.367999,0.0007909,4.624097668536806,1.152699213821151,-4.623905147049505,0.05590678812087156,5.416339103157979
2021-01-04 05:48:54.287135,0.0007906,4.632750423075048,1.152702704479655,-4.632540720832224,0.05590679041399482,5.379547843691679
2021-01-05 06:10:29.203679,0.0007902,4.6329528816349255,1.152702704479655,-4.632740889290162,0.055906790064685664,5.342751068750931
2021-01-06 12:09:21.403871,0.0007889,4.630867755370302,1.1527061951381588,-4.630665823944754,0.05590678903947451,5.297475791889172
2021-01-07 05:01:13.282463,0.0007891,4.63530445628304,1.152707940467411,-4.635091564253485,0.05590678828676006,5.271999277394034
2021-01-08 03:30:22.405823,0.0007856,4.649920095459291,1.1527131764551668,-4.6497313937523295,0.05590678987069992,5.2380286559479705
2021-01-09 05:44:23.063711,0.0007859,4.6435021923791115,1.1527149217844188,-4.6433055962377185,0.05590679134473884,5.198413421933807
2021-01-10 04:13:32.186208,0.0007844,4.646380959702243,1.1527219031014269,-4.646193709935609,0.05590679357320074,5.1644532198469255
2021-01-11 04:35:07.062143,0.0007846,4.6431025336846625,1.152720157772175,-4.642913862556862,0.05590679602874282,5.1276581489035005
2021-01-12 04:56:41.960543,0.000783,4.640251249011516,1.1527166671136708,-4.640037829217177,0.055906798014412146,5.090871542253043
2021-01-13 10:55:34.127040,0.0007817,4.635035182651304,1.1527166671136708,-4.634835573739598,0.05590679840732039,5.045597922803403
2021-01-14 11:17:09.015935,0.0007823,4.628698049297118,1.152711431125915,-4.628493956720302,0.05590679791481987,5.008798749129212
2021-01-15 02:16:35.103071,0.0007819,4.628514191179586,1.152707940467411,-4.628309396070771,0.055906797892087357,4.986147494110752
2021-01-16 02:38:09.998015,0.0007821,4.6220928563675105,1.1527061951381588,-4.621877433586957,0.05590679847016936,4.949366359487949
2021-01-17 10:29:27.933503,0.0007808,4.616648152581077,1.152704449808907,-4.616441071582069,0.055906797170739014,4.901254448049816
2021-01-18 03:21:19.756799,0.0007811,4.614357828853094,1.152700959150403,-4.614148236341671,0.055906798414221,4.875774242513964
2021-01-19 09:20:11.918976,0.0007817,4.611307244672757,1.1526922325041429,-4.611084413582353,0.055906798379265155,4.830485343566871
2021-01-20 09:41:46.783679,0.0007766,4.615737541637835,1.152699213821151,-4.615533848978574,0.055906800083673956,4.7936894029160735
2021-01-21 10:03:21.635424,0.0007751,4.617868895439113,1.152686996516387,-4.617669521362561,0.055906800724500993,4.756881144883465
2021-01-22 02:55:13.463039,0.0007761,4.630640368130536,1.1526677978946152,-4.630422804444969,0.05590680140725492,4.731402187359115
2021-01-23 08:54:05.600159,0.000775,4.629497240476006,1.1526660525653631,-4.6292881029845026,0.05590680281485449,4.686124744506208
2021-01-24 09:15:40.459679,0.0007742,4.6250151762320035,1.1526608165776069,-4.624796265886447,0.05590680433071156,4.649323048113675
2021-01-25 09:37:15.328704,0.0007725,4.6251076908543585,1.1526503446020953,-4.624874112948152,0.05590680400045461,4.612513181741138
2021-01-26 02:29:07.156320,0.0007719,4.626153003231485,1.152653835260599,-4.625921102750865,0.05590680607527953,4.5870556699505025
2021-01-27 00:58:16.265855,0.000772,4.622004561512691,1.1526503446020953,-4.621769422638824,0.055906805484937004,4.55309379685418
2021-01-28 01:19:51.129696,0.000773,4.616329270836912,1.152646853943591,-4.61609075415241,0.05590680524391989,4.516301617199909
2021-01-29 09:11:09.031487,0.0007736,4.609956775984702,1.1526398726265832,-4.609717726574052,0.055906803844932906,4.46818412948222
2021-01-30 07:40:18.090047,0.0007744,4.610436942710516,1.1526363819680792,-4.6102309987189045,0.05590680482643385,4.434223609815652
2021-01-31 17:24:01.721088,0.0007736,4.614849571251931,1.1526224193340633,-4.614619922342724,0.05590680613256998,4.3832627184001804
2021-02-01 08:23:27.764160,0.0007729,4.636106304190473,1.152624164663315,-4.63587455370865,0.055906809615033595,4.360617219272208
2021-02-02 12:29:54.137472,0.0007725,4.631153889799601,1.1526206740048113,-4.630905942254894,0.05590680950493951,4.318159855254471
2021-02-03 07:14:11.695199,0.0007706,4.64254851462892,1.152653835260599,-4.642319652315033,0.05590681637941265,4.289858930398668
2021-02-04 07:35:46.466591,0.0007679,4.6453541006213435,1.152646853943591,-4.645170992283571,0.0559068179056513,4.253060607373342
2021-02-05 06:04:55.532063,0.000774,4.647635409827717,1.1526346366388271,-4.647412543433329,0.0559068213410273,4.219095911580659
2021-02-06 06:26:30.354431,0.0007746,4.649930946249974,1.1526328913095751,-4.649705902120345,0.05590682349093158,4.182300279250156
2021-02-07 06:48:05.165568,0.0007731,4.6493829269882685,1.1526224193340633,-4.649167660399658,0.055906823247968314,4.14548518545167
2021-02-08 07:09:40.003487,0.0007703,4.653041426676849,1.1526206740048113,-4.652795935766846,0.05590682653295262,4.1086934839986
2021-02-09 05:38:49.064639,0.0007698,4.643639957309451,1.152625909992567,-4.64341040980919,0.0559068263705902,4.0747408010190975
2021-02-10 06:00:23.888736,0.000771,4.641641803059116,1.152625909992567,-4.641407279975353,0.055906827593163455,4.037947001428839
2021-02-11 06:21:58.693823,0.0007714,4.6325684240746465,1.1526224193340633,-4.632340057879932,0.055906827701407855,4.001156924179509
2021-02-12 04:51:07.737695,0.000771,4.6272925410866295,1.1526189286755593,-4.627063786305273,0.05590682868285724,3.9671930815050063
2021-02-13 05:12:42.518591,0.0007711,4.626158710486633,1.1526171833463073,-4.625952225667772,0.055906829566548244,3.930388631738616
2021-02-14 05:34:17.269248,0.0007723,4.623817066576971,1.1526136926878032,-4.623628668200666,0.055906832250862654,3.893584592522512
2021-02-15 09:40:43.544063,0.0007786,4.618214300894568,1.1526102020292992,-4.618012267456114,0.05590683580859708,3.851133173115324
2021-02-16 08:09:52.560287,0.000784,4.618799375462539,1.1526102020292992,-4.61860750081878,0.055906838210193065,3.8171673977996097
2021-02-17 04:46:35.844672,0.0007771,4.622788008170296,1.1526276553218193,-4.622573542496083,0.055906845833554694,3.786015087532531
2021-02-18 05:08:10.651488,0.0007757,4.619519163144606,1.1526294006510713,-4.619278163912304,0.055906848486418,3.7492209383184822
2021-02-19 09:14:36.943584,0.0007743,4.62118602316927,1.1526311459803231,-4.620958007663952,0.05590684865055968,3.7067684950377533
2021-02-20 11:28:37.598016,0.0007787,4.624801039852009,1.1526276553218193,-4.624489445269562,0.055906848235010985,3.6671286934932197
2021-02-21 09:57:46.703231,0.0007773,4.618617556166312,1.1526346366388271,-4.618358537858512,0.055906840115712356,3.633166148797985
2021-02-22 08:26:55.874975,0.0007794,4.623805997611078,1.152648599272843,-4.623535525952288,0.055906832391322284,3.5991908767898244
2021-02-23 03:11:13.545023,0.0007788,4.625447765584887,1.152653835260599,-4.625146530023779,0.05590682650924451,3.570887938543409
2021-02-24 03:32:48.414912,0.0007746,4.62361688159818,1.1526520899313473,-4.62337382186524,0.05590681861676832,3.5340953027134856
2021-02-25 07:39:14.851295,0.0007739,4.610074689768079,1.1526520899313473,-4.609786061032724,0.055906815953374205,3.4916516865623635
2021-02-26 08:00:49.809311,0.0007728,4.620100318483509,1.1526608165776069,-4.61980185628937,0.0559068091334566,3.454858056772685
2021-02-27 08:22:24.758687,0.0007757,4.616043883041382,1.1526625619068591,-4.615738453978639,0.05590680301045125,3.4180736550100894
2021-02-28 08:43:59.681280,0.0007773,4.6322390781308735,1.152671288553119,-4.63198172891374,0.05590679592864943,3.3812863512476903
2021-03-01 07:13:08.831424,0.0007787,4.625325086295227,1.152678269870127,-4.6250933241573895,0.055906791695311875,3.3473230070779527
2021-03-02 09:27:09.491903,0.0007767,4.620892526994092,1.152680015199379,-4.620664174215943,0.055906791379140876,3.307705595089176
2021-03-03 07:56:18.620447,0.0007763,4.616555742428993,1.1526835058578828,-4.616328442689105,0.055906792624386144,3.273750806946114
2021-03-04 08:17:53.524031,0.0007754,4.6088022008558065,1.152685251187135,-4.608565424596945,0.05590679296318109,3.236966247045904
2021-03-05 08:39:28.507104,0.0007739,4.610783715860596,1.1526922325041429,-4.610496919861654,0.05590679213534451,3.2001769992916103
2021-03-06 09:01:03.415871,0.0007759,4.6153189689051795,1.152686996516387,-4.6150905786213485,0.05590678662177363,3.1633815728087162
2021-03-07 07:30:12.563423,0.0007759,4.617044042218407,1.1526747792116232,-4.61679962859664,0.05590678538518049,3.1294026848754766
2021-03-08 13:29:04.748064,0.0007837,4.616101121218018,1.152669543223867,-4.615893567509214,0.05590678183659192,3.0841013617676794
2021-03-09 08:13:22.382688,0.0007852,4.621945915704251,1.1526730338823712,-4.621735862275992,0.05590678133544025,3.055791955072368
2021-03-10 06:42:31.521599,0.0007847,4.617671158219489,1.152671288553119,-4.61746379407232,0.055906781389547466,3.02183429335064
2021-03-11 12:41:23.688096,0.0007867,4.612492444727145,1.1526747792116232,-4.612295912103104,0.05590678315882634,2.9765529674932085
2021-03-12 09:18:07.076159,0.0007858,4.6204470714792825,1.152680015199379,-4.620238526796135,0.05590678662034074,2.9454193602980396
2021-03-13 09:39:41.990976,0.0007883,4.624513948235958,1.1526835058578828,-4.62430368172458,0.05590678764738417,2.908631274603739
2021-03-14 10:01:16.915296,0.0007846,4.631850738620057,1.152676524540875,-4.631628965115551,0.05590678699052107,2.8718286799994472
2021-03-15 08:30:26.070623,0.0007845,4.6323829282433335,1.152680015199379,-4.632163960618561,0.05590678670761629,2.8378702630567596
2021-03-16 08:52:00.987168,0.0007855,4.630820409168926,1.152680015199379,-4.630600557143097,0.055906786489344294,2.8010907790624207
2021-03-17 09:13:35.914079,0.0007848,4.623425155442163,1.152681760528631,-4.623199012483587,0.05590678569294057,2.7643081068877517
2021-03-18 13:20:02.341823,0.0007851,4.622838176011499,1.152688741845639,-4.622636622323153,0.055906785127143324,2.7218638241592172
2021-03-19 09:56:45.761856,0.000784,4.6314503881323885,1.152699213821151,-4.631246950929654,0.055906784540349516,2.690742253663914
2021-03-20 08:25:54.899039,0.0007828,4.62603514200606,1.152702704479655,-4.625828651966841,0.05590678639682183,2.656788863762059
2021-03-21 08:47:29.778431,0.0007845,4.623170315363276,1.152702704479655,-4.6229730276980945,0.05590678814335596,2.6199973122480302
2021-03-22 09:09:04.663007,0.0007861,4.623161880743931,1.152700959150403,-4.622967743673912,0.05590678955106257,2.5831986409316263
2021-03-23 09:30:39.568319,0.0007853,4.62118326120076,1.1526974684918991,-4.620970932779296,0.05590679048887002,2.5464068005025364
2021-03-24 02:22:31.417535,0.0007826,4.628189562241511,1.152700959150403,-4.627984881894481,0.05590679212697888,2.5209411048285246
2021-03-25 10:13:49.313279,0.0007846,4.620681401563525,1.1526974684918991,-4.620518566358857,0.055906792104330263,2.4728305206071632
2021-03-26 12:27:49.978943,0.0007974,4.629946031015464,1.152686996516387,-4.629754788218159,0.05590679373943995,2.4331775728205343
2021-03-27 09:04:33.339359,0.0007956,4.628476091890596,1.152688741845639,-4.628300170438402,0.055906793990875996,2.4020431275762744
2021-03-28 09:26:08.233439,0.0007984,4.628398464422567,1.152686996516387,-4.628222763241947,0.05590679456905139,2.365247733225982
2021-03-29 02:18:00.095616,0.0007993,4.639480378366294,1.1526835058578828,-4.639296291426787,0.05590679459001854,2.3397644442047807
2021-03-30 10:09:18.013823,0.0007998,4.63064680284609,1.1526835058578828,-4.630480250735937,0.05590679424074308,2.2916603220873664
2021-03-31 08:38:27.132864,0.0007993,4.634753085737751,1.152680015199379,-4.634582800129357,0.05590679509122999,2.2576844242110328
2021-04-01 01:30:18.961344,0.0008007,4.639045063151767,1.1526747792116232,-4.6388755990843595,0.05590679573394249,2.2322062950704304
2021-04-02 09:21:36.876959,0.0007995,4.632303673307814,1.1526730338823712,-4.6321348735340155,0.0559067965739354,2.1840997761091896
2021-04-03 04:05:54.454560,0.0007974,4.642018271151609,1.152678269870127,-4.6418457380979286,0.05590680086497946,2.15579406175012
2021-04-04 08:12:20.816639,0.000797,4.638833669924467,1.1526730338823712,-4.638682388675955,0.05590680216254981,2.113342799928007
2021-04-05 01:04:12.648576,0.0007987,4.634816330764114,1.1526730338823712,-4.634637264746653,0.05590680517527665,2.087870944984926
2021-04-06 01:25:47.510688,0.000799,4.63026191477891,1.152669543223867,-4.630082685334292,0.055906805807480024,2.0510800340332778
2021-04-07 01:47:22.341695,0.000803,4.630809656940302,1.152671288553119,-4.6306505630928845,0.05590680859152141,2.0142799199198196
2021-04-08 02:08:57.196032,0.0008018,4.628075602640466,1.1526660525653631,-4.627909307174837,0.05590680962708608,1.9774809521510794
2021-04-09 08:07:49.331423,0.0008023,4.626541370404207,1.1526625619068591,-4.626374045327896,0.05590680990999968,1.9322042512239443
2021-04-10 10:21:49.944383,0.0008018,4.627733879432203,1.1526625619068591,-4.627568766404397,0.05590681047758399,1.8925666281400726
2021-04-11 06:58:33.278016,0.0008032,4.637835508288719,1.1526451086143392,-4.637672686841573,0.055906808268159816,1.8614016300637062
2021-04-12 09:12:33.884064,0.0008048,4.634274408296681,1.152648599272843,-4.634114860501679,0.05590680960081905,1.8217835562798457
2021-04-13 09:34:08.715071,0.0008043,4.63458396282323,1.1526451086143392,-4.6344266314781795,0.05590681093156996,1.7849781314637805
2021-04-14 08:03:17.792639,0.0008053,4.631671006152786,1.1526451086143392,-4.6315115185272795,0.05590681320202033,1.7510091684371818
2021-04-15 10:17:18.391776,0.0008044,4.631957240937953,1.1526451086143392,-4.631793004168761,0.05590681490479569,1.7113876726000428
2021-04-16 08:46:27.463295,0.0008028,4.633140572439294,1.1526451086143392,-4.6329694656727,0.05590681822303049,1.6774225922086203
2021-04-17 07:15:36.491616,0.0008057,4.62944598442183,1.1526433632850872,-4.629318324799865,0.055906819412465794,1.643458367372078
2021-04-18 07:37:11.327807,0.0008048,4.641712175441305,1.1526433632850872,-4.64154346782614,0.05590682465184527,1.6066629096311278
2021-04-19 07:58:46.177824,0.0008007,4.646089753043116,1.1526416179558352,-4.645914459747698,0.055906824793133025,1.5698659826126429
2021-04-20 08:20:21.014880,0.0008001,4.639924958170621,1.1526433632850872,-4.639747780810134,0.055906825131947495,1.5330763371718248
2021-04-21 08:41:55.862304,0.0008018,4.636057600830218,1.1526416179558352,-4.635873036156196,0.055906824443880246,1.4962776668640323
2021-04-22 07:11:04.949376,0.0008013,4.636053794341415,1.1526433632850872,-4.635875912412698,0.055906823822139295,1.4623158498743754
2021-04-23 01:55:22.517472,0.0007984,4.637420341050249,1.1526433632850872,-4.637241148495679,0.05590682377836845,1.434002171162191
2021-04-24 07:54:14.645951,0.0007945,4.641431607174528,1.1526416179558352,-4.641247953535659,0.05590682260981156,1.3887065627226909
2021-04-25 08:15:49.484735,0.0007947,4.645426529824395,1.1526416179558352,-4.6452456172546315,0.05590682265348081,1.3519092743177523
2021-04-26 06:44:58.574399,0.000795,4.645258931850851,1.1526416179558352,-4.645075675528533,0.05590682182391822,1.3179455735224346
2021-04-27 07:06:33.412320,0.0007966,4.643361512355765,1.1526433632850872,-4.6431786093547185,0.05590682251210936,1.2811537716680372
2021-04-28 07:28:08.257151,0.0007966,4.641538229134557,1.1526398726265832,-4.6413531612443935,0.05590682135415534,1.244358449547904
2021-04-29 07:49:52.663871,0.0007703,4.675740304776822,1.1527515736987106,-4.67550838581048,0.055903750211315384,1.2074965987248738
2021-04-30 06:18:52.147584,0.0009097,4.747478742971603,1.152699213821151,-4.747671863089982,0.055911043272492626,1.1735517000943605
2021-05-01 06:40:27.115103,0.0007928,4.620283570382785,1.1526608165776069,-4.619971537717425,0.055906827908758915,1.136837372895381
2021-05-02 05:09:36.609983,0.0008033,4.6168756684906445,1.152657325919103,-4.616582788980793,0.05590679824006325,1.1028714611094212
2021-05-03 05:31:11.597376,0.0008065,4.606889938860111,1.1526503446020953,-4.606652578813128,0.05590678487785696,1.0660634586249573
2021-05-04 04:00:20.760480,0.0007989,4.608707563457596,1.152657325919103,-4.608508342122034,0.055906780644199676,1.032110741813471
2021-05-05 04:21:55.689984,0.0007978,4.611200031044049,1.152655580589851,-4.611013308149599,0.05590677733632347,0.9953135181977306
2021-05-06 06:35:56.447231,0.0008057,4.627275045549185,1.152690487174891,-4.627107633765795,0.05590677158229273,0.955692092963209
2021-05-07 05:05:05.625023,0.0008033,4.631398417793934,1.1526922325041429,-4.63124602455005,0.055906768078790976,0.9217196068254447
2021-05-08 12:56:23.585567,0.0008046,4.624889989275346,1.152702704479655,-4.624745566914146,0.05590677011178904,0.8736016171716117
2021-05-09 03:55:49.645919,0.0008029,4.627628233831411,1.152718412442923,-4.627498611057522,0.055906776959698354,0.850953424369502
2021-05-10 04:17:24.562463,0.0008026,4.631056856457369,1.1527166671136708,-4.630882786009911,0.05590678578984215,0.8141586399256007
2021-05-11 00:54:07.953120,0.0008025,4.630736560486941,1.152711431125915,-4.630561172288403,0.055906784817036266,0.7830197095923782
2021-05-12 03:08:08.636927,0.0008016,4.62823342019313,1.152718412442923,-4.628062528625817,0.055906785822992446,0.7434136906272449
2021-05-13 10:59:26.625983,0.0008017,4.6193057351267885,1.1527149217844188,-4.6191140702203235,0.05590678501436938,0.6953087920902538
2021-05-14 11:21:01.559808,0.0008018,4.626011401703125,1.1527149217844188,-4.625828901784025,0.05590678379184307,0.6585152642592206
2021-05-15 02:20:27.684096,0.0008014,4.6284687538171525,1.1527253937599309,-4.628277046344085,0.05590678499517383,0.6358785682956632
2021-05-16 04:34:28.369631,0.0008002,4.624394662507292,1.152732375076939,-4.624217577617769,0.0559067846475911,0.5962627401955051
2021-05-17 03:03:37.534463,0.0007986,4.62346343278749,1.152730629747687,-4.623278456984307,0.0559067849636403,0.5623051325293988
2021-05-18 03:25:12.467423,0.0007988,4.61888229215052,1.152732375076939,-4.618689675480192,0.05590678490950919,0.5255226229006925
2021-05-19 09:24:04.680576,0.000798,4.61536484690676,1.1527358657354427,-4.615182989054473,0.055906784408244654,0.4802531523648763
2021-05-20 02:15:56.543616,0.0007981,4.618567604827637,1.152730629747687,-4.618395934912078,0.055906783260811686,0.45476270243161554
2021-05-21 08:14:48.744672,0.0007982,4.614233211150897,1.152730629747687,-4.61405739475918,0.05590678439602201,0.40948650268106274
2021-05-22 08:36:23.671583,0.000799,4.614732779026483,1.152727139089183,-4.614550942628016,0.05590678402404844,0.3726906909066732
2021-05-23 08:57:58.584671,0.0007972,4.616353324721206,1.1527219031014269,-4.61617177909805,0.05590678449202465,0.335895230301589
2021-05-24 09:19:33.492575,0.0007954,4.614578618174043,1.152720157772175,-4.614397012686301,0.05590678515735861,0.29910180085903887
2021-05-25 07:48:42.648767,0.000796,4.61365134025584,1.152718412442923,-4.613463427089802,0.05590678569179669,0.26514444091129175
2021-05-26 08:10:17.566175,0.0007959,4.610311580016837,1.152718412442923,-4.610123015480893,0.0559067859101019,0.2283564748819585
2021-05-27 14:09:09.770687,0.0007966,4.607866725632939,1.152711431125915,-4.607674950363129,0.055906785035123335,0.18307344712097712
2021-05-28 08:53:27.398399,0.0007965,4.608673414234411,1.152707940467411,-4.608474639857449,0.0559067850124019,0.15476374915855431
2021-05-29 07:22:36.531264,0.0007966,4.604670026294627,1.1527061951381588,-4.6044881892756155,0.05590678467358285,0.12080478687159002
2021-05-30 07:44:11.430528,0.0007949,4.610523951290861,1.152700959150403,-4.6103389079130945,0.05590678588379964,0.08400234223355588
2021-05-31 08:05:46.331519,0.0007945,4.615665117760274,1.152693977833395,-4.615472753246576,0.055906786143971154,0.04719800378207404
2021-06-01 06:34:55.466976,0.0007965,4.611140109217025,1.152693977833395,-4.610956508263886,0.05590678583841348,0.013232224994378997
2021-06-02 06:56:30.356736,0.000795,4.614080359530657,1.152693977833395,-4.613904182764659,0.05590678697356377,-0.023571603367643603
2021-06-03 07:18:05.259456,0.0007945,4.6112924941409545,1.152686996516387,-4.611103521863291,0.055906787408372564,6.222814596385773
2021-06-04 05:47:14.405279,0.0007962,4.606707512272216,1.152690487174891,-4.606514014257194,0.055906787955104426,6.188852615615802
2021-06-05 06:08:49.285536,0.0007975,4.607174971512862,1.152688741845639,-4.607013140436087,0.05590678704872331,6.1520625936479965
2021-06-06 14:00:07.221887,0.0008,4.60646275472318,1.152686996516387,-4.606285795198227,0.05590678963532983,6.10394499042656
2021-06-07 06:51:59.085791,0.0007984,4.605568226177741,1.152686996516387,-4.605377228982261,0.05590679011554931,6.07846585550668
2021-06-08 05:21:08.207423,0.000799,4.602840675790758,1.152685251187135,-4.60267000311335,0.05590678938378841,6.0444977851866835
2021-06-09 05:42:43.102367,0.0007987,4.603883277773975,1.152688741845639,-4.6037051647267235,0.05590679119663794,6.007704653206996
2021-06-10 06:04:17.990400,0.0007958,4.604672459852817,1.152686996516387,-4.604491323729263,0.05590679260417361,5.97091296881207
2021-06-11 04:33:27.113759,0.0007969,4.602877745824966,1.152671288553119,-4.6026936669781415,0.05590679038432844,5.936935562378015
2021-06-12 04:55:02.003519,0.0007965,4.602513500198695,1.152676524540875,-4.602326190731948,0.05590679257967176,5.900140743011462
2021-06-13 05:16:36.886367,0.0007948,4.6039147067891095,1.152678269870127,-4.60372886011405,0.055906793922658495,5.863345857624238
2021-06-14 11:15:29.038175,0.0007936,4.602354125458677,1.152681760528631,-4.602172254371907,0.055906796521389655,5.818070110571835
2021-06-15 04:07:20.879615,0.0007971,4.605115049181684,1.152681760528631,-4.6049211215060035,0.055906798922918714,5.7925876046469975
2021-06-16 04:28:55.756416,0.0007957,4.605575100207262,1.1526747792116232,-4.605393632233441,0.05590679774219685,5.755786158671274
2021-06-17 04:50:30.660000,0.0007971,4.602281954212227,1.1526730338823712,-4.60207227850766,0.05590679845130199,5.7189944606869085
2021-06-18 08:56:57.082560,0.0007937,4.601341179760074,1.152669543223867,-4.601132631729421,0.05590679690027786,5.676538583058029
2021-06-21 08:09:16.016543,0.0007948,4.586135588304436,1.1526660525653631,-4.585904388494795,0.055906795480405835,5.568997501620209
2021-06-22 08:30:50.910623,0.0007918,4.601095719086961,1.152669543223867,-4.60089439673116,0.05590679336360261,5.532172394906097
2021-06-23 20:07:00.356448,0.0007924,4.597172539226304,1.1526747792116232,-4.596973676588994,0.05590679464208699,5.478403303737069
2021-06-24 11:06:26.416799,0.000789,4.613269579894824,1.1526660525653631,-4.613060074071745,0.055906796047793014,5.455731438327988
2021-06-25 09:35:35.530656,0.0007911,4.611084824115644,1.1526677978946152,-4.610893768025286,0.05590679629937906,5.421768201190702
2021-06-26 08:04:44.653151,0.0007931,4.607875433039562,1.1526660525653631,-4.607676617651103,0.05590679705216652,5.387800464661054
2021-06-27 08:26:19.538592,0.0007919,4.606213902972651,1.1526643072361111,-4.606008082412809,0.05590679741187834,5.351003290712477
2021-06-28 10:40:20.178336,0.0007941,4.605352893783811,1.1526660525653631,-4.605159999351472,0.0559067974014981,5.311375486172827
2021-06-29 01:39:46.255968,0.0007967,4.603328362827477,1.1526643072361111,-4.603141410561929,0.05590679736839584,5.288724274662616
2021-06-30 09:31:04.202688,0.0007983,4.596161562617473,1.1526643072361111,-4.595952145527334,0.055906797412117626,5.240615393596358
2021-07-01 09:52:39.095903,0.0007964,4.597551540420208,1.1526660525653631,-4.5973510641349185,0.05590679626637776,5.20382505369928
2021-07-02 10:14:13.986527,0.0007969,4.59538500108072,1.152669543223867,-4.5951918027549885,0.0559067959835001,5.167037294921266
2021-07-03 08:43:23.109024,0.0007961,4.597019214985332,1.1526677978946152,-4.596833298499749,0.055906795600977124,5.133071541128509
2021-07-04 14:42:15.283296,0.0007939,4.590770128495164,1.1526660525653631,-4.59056637541463,0.055906796091637165,5.087789576991817
2021-07-05 11:18:58.632480,0.0007962,4.593466017705548,1.1526677978946152,-4.593290614829787,0.05590679538267196,5.056656035883492
2021-07-06 07:55:41.995488,0.0007958,4.589456002351365,1.1526747792116232,-4.5892630873782645,0.05590679896473053,5.025532059202424
2021-07-07 10:09:42.643008,0.0007947,4.5881168196338225,1.152671288553119,-4.587918423920852,0.0559067983743524,4.9859052050068025
2021-07-08 10:31:17.512032,0.0007944,4.590094322980077,1.1526730338823712,-4.589910326414632,0.055906799324436623,4.9491105424824315
2021-07-09 10:52:52.391424,0.0007962,4.589516631078046,1.1526625619068591,-4.5893246340353056,0.05590679864503068,4.912305911854062
2021-07-10 11:14:27.279455,0.0007969,4.594057977016409,1.1526625619068591,-4.59387030532626,0.05590679855773333,4.875519603650417
2021-07-11 09:43:36.416640,0.0007968,4.593081357439129,1.152659071248355,-4.592882547819882,0.05590679726879879,4.841548518963424
2021-07-12 06:20:19.774463,0.0007969,4.593933506969736,1.152657325919103,-4.593743538899602,0.05590679727926328,4.81040679009394
2021-07-13 10:26:46.170239,0.0007962,4.591169293773581,1.1526520899313473,-4.590978662699168,0.05590679683033746,4.767956911264119
2021-07-14 14:33:12.572927,0.000796,4.589581097832117,1.1526608165776069,-4.589398792448291,0.0559067979568962,4.72551657070967
2021-07-15 07:25:04.399680,0.0007954,4.596675002301229,1.152648599272843,-4.596482414153466,0.05590679811741722,4.700020066541696
2021-07-16 13:23:56.547167,0.0007963,4.589946450152936,1.152648599272843,-4.589753022566479,0.05590679907801007,4.654743686655646
2021-07-17 10:00:39.889440,0.000797,4.5943668450529005,1.152653835260599,-4.594191911262547,0.05590680044383562,4.623621410809705
2021-07-18 08:29:48.975647,0.0007985,4.588701125221434,1.152655580589851,-4.5885410937969935,0.05590680178694713,4.589660603350484
2021-07-19 10:43:49.569600,0.0007983,4.584817648061003,1.1526451086143392,-4.584645337290095,0.055906803159547096,4.550006898378269
2021-07-20 12:57:50.173056,0.0008021,4.576867671316511,1.1526451086143392,-4.576683761465583,0.055906805997705755,4.5103861698590935
2021-07-21 09:34:33.524832,0.0008005,4.589028375427143,1.1526503446020953,-4.588845528975384,0.055906808935271265,4.47925100524199
2021-07-22 09:56:08.398175,0.0008039,4.583139500898577,1.1526503446020953,-4.582954395569845,0.055906808673428836,4.4424657400915075
2021-07-23 12:10:09.024960,0.000804,4.5927387452474635,1.1526503446020953,-4.592556654609582,0.055906809764977125,4.402844669113033
2021-07-24 10:39:18.136223,0.0008065,4.599297825728062,1.1526503446020953,-4.599125437370864,0.055906809503101104,4.368879520168251
2021-07-25 09:08:27.219840,0.0008086,4.593797091430349,1.152646853943591,-4.593637512795757,0.05590680939311268,4.334923883655551
2021-07-26 11:22:27.787872,0.0008104,4.585898322646617,1.1526433632850872,-4.585781801521948,0.0559068082352288,4.295296882940248
2021-07-27 09:51:36.885311,0.0008165,4.580867568541184,1.1526363819680792,-4.580720378486411,0.055906809456156906,4.261315558731825
2021-07-28 10:13:11.692992,0.0008175,4.584600079136097,1.1526311459803231,-4.5844779332156795,0.05590681110304716,4.224519669159439
2021-07-29 08:42:20.757600,0.0008201,4.585916144090821,1.1526294006510713,-4.585780445216675,0.055906814562882275,4.190559382130317
2021-07-30 09:03:55.573056,0.0008205,4.587447881152588,1.152624164663315,-4.587322687619458,0.055906815292847536,4.153759941125812
2021-07-31 07:33:04.641983,0.000819,4.5831892752092624,1.1526224193340633,-4.583057738266461,0.05590681757365515,4.119801448113905
2021-08-01 07:54:39.463487,0.0008207,4.580551217343994,1.1526189286755593,-4.580422447662391,0.05590681890447887,4.083002105247956
2021-08-02 08:16:14.282400,0.0008181,4.5811964160352785,1.1526119473585512,-4.581063213354878,0.055906819906743,4.046201258391585
2021-08-03 08:37:49.120319,0.0008175,4.583471750446965,1.1526049660415432,-4.583323647870086,0.055906820297813235,4.009398657857986
2021-08-04 08:59:23.952192,0.0008181,4.580633845398633,1.1526049660415432,-4.580481680948402,0.05590682095276291,3.972607118680661
2021-08-05 09:20:58.789248,0.0008181,4.584610584367098,1.1525997300537874,-4.584449635466104,0.05590682032918163,3.9358116516135726
2021-08-06 09:42:33.609887,0.0008128,4.6132328265449924,1.1525962393952833,-4.613084478976198,0.05590682030621167,3.8990076115017533
2021-08-07 08:11:42.664127,0.0008115,4.610751540687497,1.1525997300537874,-4.610601665567076,0.055906822904973494,3.8650409796592626
2021-08-08 10:25:43.244256,0.0008115,4.606109821269749,1.1526014753830391,-4.605947377741595,0.05590682477198174,3.8254225464496447
2021-08-09 08:54:52.293312,0.0008096,4.609771328410535,1.1526067113707954,-4.609623624761288,0.05590682613773973,3.791461921703772
2021-08-10 09:16:27.084575,0.0008083,4.608609436748315,1.1526067113707954,-4.608474079445659,0.05590682731655821,3.7546645176376545
2021-08-11 07:45:36.106847,0.0008095,4.604151639359218,1.1526049660415432,-4.604001302402429,0.05590683204252467,3.7206956710267214
2021-08-12 02:29:53.654207,0.0008062,4.604095197619376,1.1526014753830391,-4.6039237574343925,0.0559068341153999,3.692390967527816
2021-08-13 08:28:45.708384,0.0008039,4.6008756831154916,1.1525979847245353,-4.600706912095374,0.05590683509676748,3.6471058039695348
2021-08-14 08:50:20.509152,0.0008049,4.607916257083054,1.1525979847245353,-4.607750651709883,0.05590683675595271,3.610305847508746
2021-08-15 09:11:55.312511,0.0008051,4.602369307095297,1.1525997300537874,-4.602198639841996,0.05590683770607169,3.5735127038433694
2021-08-16 07:41:04.381439,0.0008028,4.603843251320097,1.1526014753830391,-4.603660370059037,0.05590683756455147,3.5395493992129956
2021-08-17 08:02:39.219360,0.0008025,4.598042046831205,1.1526032207122912,-4.597835623447226,0.05590683720479761,3.50275733226097
2021-08-18 06:31:48.293472,0.0008035,4.600903549277478,1.1526276553218193,-4.600716974348309,0.05590683762612143,3.468781792078308
2021-08-19 06:53:23.160768,0.0008022,4.599972060298053,1.152625909992567,-4.599771795129468,0.05590683396893677,3.431991342920165
2021-08-20 07:14:58.047072,0.0008011,4.595662256272415,1.1526294006510713,-4.595459649518332,0.055906828883221266,3.3951966013141233
2021-08-21 07:36:32.983488,0.0007992,4.598947257309915,1.1526276553218193,-4.598732621645142,0.05590682033589553,3.3583961814671524
2021-08-22 07:58:07.863743,0.0007974,4.601370953063219,1.1526206740048113,-4.601155128450129,0.0559068162734338,3.321600600760885
2021-08-23 06:27:17.058816,0.0007968,4.602170926411642,1.152625909992567,-4.601932592760396,0.055906810260388705,3.2876426506923986
2021-08-24 06:48:51.984000,0.0007975,4.591632589240685,1.1526276553218193,-4.59140114369363,0.05590680317675314,3.250845533549973
2021-08-25 05:18:01.186847,0.0007984,4.59436016216271,1.1526398726265832,-4.594111139659987,0.05590679856277414,3.2168880856838973
2021-08-26 05:39:36.123263,0.0007969,4.588622458942857,1.1526451086143392,-4.5883846781607005,0.0559067928116528,3.1801035628391725
2021-08-27 06:01:11.057088,0.0007972,4.584782443755522,1.152646853943591,-4.584561389237718,0.05590678690686565,3.1433121771706696
2021-08-28 04:30:20.227968,0.0007974,4.592097411864093,1.1526451086143392,-4.591888905215443,0.055906782507491516,3.109341334587282
2021-08-29 12:21:38.191968,0.0007948,4.598541943334181,1.1526416179558352,-4.598339068887567,0.05590678047620576,3.0612273025867367
2021-08-30 05:13:30.060192,0.0007957,4.599633741611867,1.1526451086143392,-4.599434436762899,0.055906779713073965,3.035755923861652
2021-08-31 01:50:13.446528,0.000795,4.5964268313187695,1.1526503446020953,-4.596231909082974,0.05590677994364279,3.004629325230358
2021-09-01 04:04:14.128607,0.0007932,4.602822149510835,1.152646853943591,-4.6026116958458285,0.05590677996449307,2.965002004132656
2021-09-02 04:25:49.033920,0.0007926,4.60018060992568,1.1526520899313473,-4.599988263744333,0.05590677923450541,2.9282200043375854
2021-09-03 04:47:23.951328,0.0007931,4.596641080776045,1.1526520899313473,-4.596437861256735,0.05590678015142145,2.8914319478195876
2021-09-04 03:16:33.098016,0.0007939,4.601814596891251,1.1526503446020953,-4.6016218562701,0.05590677941966035,2.8574697956178823
2021-09-05 05:30:33.761088,0.0007937,4.596407435139121,1.1526503446020953,-4.596219478100123,0.05590677976894712,2.817853615129669
2021-09-06 03:59:42.927647,0.0007957,4.593263292981456,1.1526451086143392,-4.593048070391472,0.05590678010602997,2.7838915396871773
2021-09-07 04:21:17.839871,0.0007961,4.59227340173335,1.152646853943591,-4.592079540328385,0.05590677848010091,2.7471050057937783
2021-09-08 02:50:27.002976,0.0007952,4.589765654218335,1.1526451086143392,-4.5895620685236995,0.05590677774827516,2.7131481139601017
2021-09-09 03:12:01.913472,0.0007934,4.588726893140199,1.152646853943591,-4.5885286181241085,0.05590677782507331,2.6763633225977714
2021-09-10 03:33:36.840384,0.0007942,4.58654550983067,1.152655580589851,-4.586339691252641,0.055906778908012864,2.639574242957666
2021-09-11 03:55:11.762976,0.0007919,4.587180223924927,1.152659071248355,-4.586966566531826,0.055906779323623576,2.6027899748174943
2021-09-12 04:16:46.663103,0.0007913,4.583085977007082,1.152657325919103,-4.582894531007591,0.05590677811153223,2.566003536658009
2021-09-13 02:45:55.809792,0.0007885,4.5842972417515675,1.152669543223867,-4.584091771045777,0.055906782011416474,2.5320319350928497
2021-09-14 01:15:04.956480,0.0007888,4.581810147510003,1.152669543223867,-4.581600988209641,0.05590678218607474,2.4980713182450165
2021-09-15 09:06:22.922208,0.0007878,4.575464304238972,1.152669543223867,-4.575251411803999,0.05590678179308163,2.449967157949963
2021-09-16 09:27:57.794688,0.0007856,4.578656026279059,1.152669543223867,-4.578457565968115,0.0559067836704569,2.4131625811573976
2021-09-17 09:49:32.712096,0.0007839,4.586241515539985,1.1526677978946152,-4.586017169005123,0.05590678555831393,2.3763604021387246
2021-09-18 08:18:41.846688,0.0007807,4.587427158146251,1.1526660525653631,-4.587207614586163,0.05590678596161498,2.3424016447598937
2021-09-19 08:40:16.727807,0.0007767,4.597565520804767,1.152655580589851,-4.597351110843457,0.05590678650451644,2.3055897921962996
2021-09-20 18:24:00.421920,0.0007794,4.594133938796076,1.152653835260599,-4.593915929459748,0.05590678747563443,2.2546435866644234
2021-09-21 00:01:17.706431,0.000779,4.600774840494264,1.152653835260599,-4.600551535426159,0.05590678904744388,2.246141769033893
2021-09-22 07:52:35.642783,0.0007791,4.591750312833158,1.1526520899313473,-4.591526652529982,0.05590678849030407,2.198032222268574
2021-09-23 08:14:10.530815,0.0007795,4.593896850368528,1.1526451086143392,-4.593674283465216,0.05590678813919752,2.161225753553608
2021-09-24 08:35:45.413663,0.0007803,4.588899972983573,1.1526451086143392,-4.588674430094845,0.05590678870683,2.124428978148366
2021-09-25 07:04:54.527520,0.0007781,4.591685517575855,1.1526451086143392,-4.591469727097352,0.05590678975463212,2.0904617662175333
2021-09-26 07:26:29.402591,0.0007715,4.610843144809239,1.1526294006510713,-4.610616534575737,0.05590679032877726,2.0536528297029704
2021-09-27 11:32:55.813920,0.0007737,4.603811282283188,1.1526311459803231,-4.603576230706611,0.05590679001277005,2.011202124529074
2021-09-28 06:17:13.383744,0.0007725,4.612992103172559,1.1526346366388271,-4.6127807102725,0.05590679191293412,1.9828954856335603
2021-09-29 06:38:48.244992,0.0007745,4.6013543621875534,1.1526363819680792,-4.601124165513426,0.055906795701125764,1.9460974911925215
2021-09-30 07:00:23.083776,0.0007754,4.596376685100545,1.1526363819680792,-4.596179233828691,0.055906795963129224,1.9093007234853556
2021-10-01 14:51:40.985568,0.0007729,4.602449692115058,1.152625909992567,-4.602211588660826,0.05590679895110646,1.8611686122841729
2021-10-02 00:13:49.779552,0.0007727,4.606127374829302,1.1526294006510713,-4.605885327393676,0.05590680111327993,1.8470097110768384
2021-10-03 06:12:41.933951,0.0007705,4.609415771540602,1.1526224193340633,-4.609164101851155,0.05590680076205888,1.8017193495200128
2021-10-04 06:34:16.820256,0.0007676,4.611292276076084,1.152625909992567,-4.6110371565487736,0.055906800828370976,1.7649261920937032
2021-10-05 05:03:25.924607,0.0007656,4.610580868341098,1.1526311459803231,-4.6103392160731005,0.055906801277215624,1.7309630021207216
2021-10-06 05:25:00.797952,0.0007638,4.612095421685204,1.152624164663315,-4.6118354486992335,0.055906801362629,1.6941581871132974
2021-10-07 09:31:27.180768,0.0007635,4.609606449927787,1.1526276553218193,-4.609350511731861,0.055906801996637515,1.6517058443115809
2021-10-08 09:53:02.048064,0.0007635,4.609294742150198,1.1526311459803231,-4.609046737765414,0.05590680066587528,1.6149051141631463
2021-10-09 15:51:54.180863,0.0007633,4.603503923978605,1.1526328913095751,-4.603251244782985,0.055906802794840185,1.5696265415419002
2021-10-10 10:36:11.733408,0.0007629,4.602188513493774,1.1526346366388271,-4.6019488617355275,0.05590680496745933,1.5413219415589805
2021-10-11 09:05:20.814432,0.0007636,4.592797168047108,1.1526346366388271,-4.592547981432383,0.05590680680127917,1.5073551786197177
2021-10-12 03:49:38.385120,0.0007643,4.5910077065060495,1.1526363819680792,-4.59076593904476,0.055906807664084124,1.479052185022412
2021-10-13 09:48:30.481632,0.0007646,4.586412577553854,1.1526381272973312,-4.586163851128907,0.055906811626860654,1.433758428495149
2021-10-14 10:10:05.336832,0.0007637,4.58382019340016,1.1526398726265832,-4.583555375035668,0.05590681314453408,1.3969648153493635
2021-10-15 08:39:14.391071,0.0007673,4.5797711131561964,1.1526276553218193,-4.579520109009172,0.05590681243193908,1.3629687936069605
2021-10-16 03:23:31.970400,0.0007691,4.578070480248868,1.1526294006510713,-4.577816966635801,0.0559068127708441,1.334658894883426
2021-10-17 01:52:41.059199,0.0007686,4.580953902114214,1.1526311459803231,-4.580709646144331,0.05590681267304789,1.3006869717079954
2021-10-18 13:28:50.444544,0.0007667,4.580216834816614,1.1526171833463073,-4.579967301248741,0.05590681127210497,1.2468856805095945
2021-10-19 13:50:25.279872,0.0007709,4.575320174781421,1.1526206740048113,-4.575082324647308,0.05590681221191161,1.2100838465418702
2021-10-20 10:27:08.614368,0.0007707,4.573939985717204,1.152625909992567,-4.573695488728857,0.055906813665045615,1.1789573414064067
2021-10-21 14:33:35.004095,0.0007706,4.567334569812625,1.1526276553218193,-4.567054783620364,0.055906814396838374,1.1365090579560442
2021-10-22 14:55:09.849792,0.0007692,4.569581211724551,1.1526433632850872,-4.569342421947573,0.055906813997053745,1.0997180822346602
2021-10-23 02:09:44.417951,0.0007721,4.572343224222452,1.1526520899313473,-4.572101707569562,0.05590681446880825,1.0827408722545626
2021-10-24 08:08:36.549888,0.0007723,4.566066129580995,1.1526520899313473,-4.565816042170243,0.055906815036418644,1.0374671178071215
2021-10-25 02:52:54.136991,0.0007722,4.572379294912422,1.152653835260599,-4.572127608602761,0.05590681541891151,1.0091530521071224
2021-10-26 08:51:46.271520,0.0007723,4.563622249075443,1.1526625619068591,-4.563363220652049,0.05590681672012703,0.9638798660392708
2021-10-27 11:05:46.903488,0.0007734,4.563156861151611,1.152671288553119,-4.562896006122604,0.055906817322780925,0.9242639594115529
2021-10-28 09:34:56.024256,0.0007717,4.5655647372165244,1.152680015199379,-4.5653056774554415,0.055906817052087894,0.8902974662260251
2021-10-29 06:11:39.389856,0.0007717,4.569763953635768,1.1526835058578828,-4.569511953068867,0.055906815372008464,0.859157710851045
2021-10-30 14:02:57.302016,0.0007736,4.568561559623996,1.152685251187135,-4.568303144224138,0.055906815448934694,0.8110505471163562
2021-10-31 12:32:06.429695,0.0007755,4.581377272388391,1.1526922325041429,-4.581136138753708,0.05590681414094277,0.7770893664654664
2021-11-01 12:53:41.303040,0.0007755,4.572974064650693,1.1526957231626471,-4.572726024280486,0.05590681473127077,0.7403067617900193
2021-11-02 13:15:16.169471,0.0007804,4.580014137353496,1.152699213821151,-4.579787500473778,0.0559068146668498,0.7035155133092332
2021-11-03 09:51:59.520383,0.000779,4.5849248961357665,1.152700959150403,-4.584701630471463,0.05590681487463758,0.6723790421569688
2021-11-04 08:21:08.630784,0.0007772,4.581066457075269,1.152704449808907,-4.58084682234319,0.0559068149846163,0.6384273899769516
2021-11-05 08:42:43.493760,0.00078,4.584324221175653,1.152704449808907,-4.5840938364519905,0.05590681681851389,0.6016253696950521
2021-11-06 01:34:35.331744,0.0007797,4.587666827904367,1.1527131764551668,-4.587430438896742,0.055906818818248376,0.5761580498740038
2021-11-07 11:18:19.017216,0.0007804,4.585934942606139,1.152711431125915,-4.585689349068321,0.05590681743156928,0.5252208431058647
2021-11-08 09:47:28.131071,0.000778,4.58667311757425,1.152711431125915,-4.586451224792265,0.055906815554024464,0.4912530333439043
2021-11-09 04:31:45.727679,0.0007797,4.591931985881642,1.152709685796663,-4.591705285207572,0.05590681578286775,0.4629488421561943
2021-11-10 03:00:54.857951,0.0007804,4.587179531829486,1.152709685796663,-4.5869343325818805,0.05590681600120238,0.428998742762384
2021-11-11 08:59:46.987296,0.0007787,4.582070032747435,1.1527149217844188,-4.581846963293357,0.055906815838737266,0.3837273024304455
2021-11-12 09:21:21.859776,0.0007779,4.580058609945468,1.1527253937599309,-4.579830544274582,0.05590681778430514,0.3469242237697505
2021-11-13 11:35:22.502976,0.0007783,4.579135092517368,1.152730629747687,-4.578908864930802,0.05590681735993598,0.30731805700021675
2021-11-14 06:19:40.093536,0.0007804,4.58437245673969,1.152727139089183,-4.58415431886015,0.05590681637674398,0.279002727084889
2021-11-15 04:48:49.201343,0.0007822,4.586988481791498,1.1527149217844188,-4.586766535240936,0.055906815227600694,0.24502399779279002
2021-11-16 10:47:41.337600,0.0007817,4.5837549376930955,1.152720157772175,-4.583540565211049,0.05590681711728017,0.1997561657824057
2021-11-17 09:16:50.446272,0.0007788,4.585956180077513,1.152720157772175,-4.585740277641992,0.05590681759745341,0.16579342888345353
2021-11-18 09:38:25.299744,0.0007793,4.578543092079761,1.152718412442923,-4.578314938661187,0.05590681913610834,0.12900707564083597
2021-11-19 10:00:00.159264,0.0007802,4.582946850266018,1.1527166671136708,-4.582732044961512,0.0559068189719678,0.09221364243243604
2021-11-20 08:29:09.267936,0.0007814,4.583630196761126,1.1527166671136708,-4.583413909446742,0.055906818535393976,0.05825469797604278
2021-11-21 01:21:01.095552,0.0007833,4.589382690212089,1.152711431125915,-4.589162262439683,0.05590681917814745,0.03277412526936865
2021-11-22 11:04:44.732640,0.0007865,4.581174499279696,1.152707940467411,-4.580969430366206,0.05590681902456221,-0.018158134141133507
2021-11-23 11:26:19.588703,0.0007834,4.583389590516436,1.152709685796663,-4.583185267155027,0.055906819887211835,6.228230461976366
2021-11-24 02:25:45.645600,0.0007819,4.591353540437847,1.152699213821151,-4.59113610683377,0.05590682038659894,6.2055719363031026
2021-11-25 02:47:20.487839,0.0007832,4.580009780558522,1.152693977833395,-4.57979036902732,0.05590682059270099,6.168784993937275
2021-11-26 08:46:12.612864,0.0007821,4.579483568427663,1.1526974684918991,-4.579271583731785,0.055906821313973204,6.12351302702439
2021-11-27 01:38:04.449119,0.0007841,4.5855458052936635,1.152686996516387,-4.585336638750384,0.05590681801489783,6.098022252891467
2021-11-28 11:21:48.183839,0.0007893,4.584381104705443,1.1526835058578828,-4.584097932864395,0.055906817686729046,6.047072845370494
2021-11-29 07:58:31.552896,0.0007861,4.618772542260192,1.1526730338823712,-4.618549474745503,0.05590681002126508,6.015929476718114
2021-11-30 02:42:49.239359,0.0007844,4.642192234216064,1.152655580589851,-4.6419598105174495,0.055906800127274704,5.98762105435336
2021-12-01 03:04:24.183551,0.0007846,4.6451129300905984,1.152659071248355,-4.644863888515003,0.05590679691905094,5.9508375904004795
2021-12-02 07:10:50.694240,0.0007917,4.638243523053458,1.1526381272973312,-4.637989991278129,0.05590678464487281,5.908372879944358
2021-12-03 07:32:25.654848,0.0007891,4.643872325403298,1.1526363819680792,-4.643650519076184,0.05590677557358247,5.87157334990452
2021-12-04 02:16:43.298112,0.000789,4.6293907644959615,1.1526381272973312,-4.62918642256054,0.05590677045469435,5.8432603196826784
2021-12-05 08:15:35.513855,0.0007901,4.621078976420134,1.1526433632850872,-4.620883117176348,0.055906768938863455,5.79798620087671
2021-12-06 08:37:10.420032,0.0007941,4.606545842731275,1.1526416179558352,-4.606361311592257,0.055906766635395594,5.761186981263764
2021-12-07 08:58:45.346080,0.000795,4.598274712482137,1.1526520899313473,-4.5980859268591034,0.055906767140281755,5.724389319242573
2021-12-08 07:27:54.484127,0.0007924,4.597033602992447,1.152653835260599,-4.596847524515003,0.05590676944379935,5.690427436281934
2021-12-09 07:49:29.385984,0.0007925,4.597840419769257,1.1526503446020953,-4.597658710245534,0.055906770250634244,5.653626550868694
2021-12-10 08:11:04.300799,0.0007909,4.58985873402572,1.1526520899313473,-4.589658024799652,0.055906772903483934,5.616824673787253
2021-12-11 08:32:39.211295,0.0007924,4.592175945095978,1.152655580589851,-4.5919851930816185,0.0559067742797969,5.5800299317547895
2021-12-12 08:54:14.133024,0.0007907,4.593909041953687,1.1526660525653631,-4.593700022085073,0.05590677797187828,5.543232268798107
2021-12-13 07:23:23.293535,0.0007892,4.590671184312762,1.152669543223867,-4.590467744935484,0.055906777470617036,5.509273914922825
2021-12-14 07:44:58.212671,0.0007889,4.5927594433558285,1.1526730338823712,-4.592550695118378,0.05590677832291414,5.472471965131544
2021-12-15 08:06:33.133535,0.0007874,4.600981702753395,1.1526625619068591,-4.600769241384073,0.055906776639164955,5.435656868080884
2021-12-16 06:35:42.284543,0.0007857,4.607249797316123,1.152671288553119,-4.607048549936279,0.0559067775473475,5.40169195779608
2021-12-17 06:57:17.206271,0.0007836,4.607091501130864,1.152676524540875,-4.60688875093933,0.055906777996156766,5.3649058677593535
2021-12-18 07:18:52.115904,0.0007836,4.607302393554555,1.152678269870127,-4.607096984974261,0.05590677947019237,5.328110984132307
2021-12-19 07:40:27.033311,0.0007835,4.6074606314190865,1.152681760528631,-4.6072509196521425,0.05590678049714027,5.2913214737335235
2021-12-20 08:02:01.940352,0.000783,4.607141809804568,1.152688741845639,-4.606934172485388,0.0559067822017263,5.254530514348479
2021-12-21 04:38:45.331007,0.0007843,4.605398099671365,1.152685251187135,-4.605178885079753,0.055906783008620564,5.223393800902732
2021-12-22 05:00:20.257055,0.0007849,4.604819067548358,1.152686996516387,-4.604595627280888,0.05590678295451398,5.186607381630622
2021-12-23 05:21:55.190015,0.0007836,4.599494067536455,1.152686996516387,-4.599257811655871,0.055906782561509966,5.149822820182681
2021-12-24 05:43:30.129024,0.0007843,4.599433567355813,1.1526835058578828,-4.59919803765945,0.05590677996276219,5.113024009882762
2021-12-25 11:42:22.337855,0.0007805,4.604125637150304,1.152681760528631,-4.603899719249914,0.055906778837882164,5.067732132509666
2021-12-26 04:34:14.213855,0.0007813,4.602959975345924,1.152678269870127,-4.6027337829873245,0.05590677763631283,5.042261641368231
2021-12-27 04:55:49.127808,0.0007783,4.606115570150754,1.152678269870127,-4.605893695433641,0.05590677724324677,5.005471166156447
2021-12-28 03:24:58.271903,0.0007761,4.607474797164345,1.1526835058578828,-4.607255003284954,0.05590677891457851,4.971504141779978
2021-12-29 05:38:58.953119,0.0007744,4.609354956423084,1.152685251187135,-4.609134489775666,0.055906779471653165,4.931888532306561
2021-12-30 04:08:08.067840,0.000774,4.606847414631542,1.152688741845639,-4.60665529760453,0.055906780935205014,4.897935433986079
2021-12-31 04:29:42.961055,0.0007749,4.606128360433592,1.152685251187135,-4.6059161584530015,0.05590678392517341,4.8611312699656155
2022-01-01 02:58:52.128480,0.0007659,4.622675798780021,1.152688741845639,-4.62243721437463,0.055906788051782716,4.82717277345704
2022-01-02 03:20:27.022559,0.000761,4.624160514742457,1.152688741845639,-4.6239286259796435,0.055906789143151434,4.790388122330048
2022-01-03 03:42:01.925280,0.000762,4.618225807270144,1.1526922325041429,-4.617967767114195,0.05590679261519438,4.753600353016807
2022-01-04 02:11:11.059872,0.0007621,4.6135341585324925,1.1526974684918991,-4.613280948386868,0.055906793413365526,4.719643713412557
2022-01-05 02:32:46.022207,0.0007601,4.624632893272346,1.152702704479655,-4.624373068633937,0.055906791198794804,4.682859514333419
2022-01-06 02:54:20.914560,0.0007657,4.6192319720914785,1.152707940467411,-4.618992893587823,0.05590679033800852,4.6460649476877816
2022-01-07 10:45:38.884608,0.0007626,4.632879331695392,1.1527061951381588,-4.632635412972141,0.055906790784986456,4.597942594441846
2022-01-08 09:14:48.014879,0.0007635,4.630693155008797,1.152704449808907,-4.630449156879007,0.05590679083915163,4.563966120308962
2022-01-09 09:36:22.895136,0.0007647,4.627382380607842,1.152699213821151,-4.627159459756976,0.05590679017201712,4.527177636156922
2022-01-10 09:57:57.763295,0.0007666,4.627833262000837,1.1526957231626471,-4.627616127630238,0.05590679207048108,4.490378826417606
2022-01-11 08:27:06.888384,0.0007657,4.631871940601649,1.152688741845639,-4.6316279464189725,0.05590679412076365,4.456402017659874
2022-01-12 08:48:41.748767,0.0007662,4.6323929534957,1.152680015199379,-4.6321584942823915,0.05590679526465872,4.419599183915553
2022-01-13 09:10:16.611744,0.0007677,4.628957851368105,1.152681760528631,-4.628735132335344,0.05590679783029237,4.382811273602964
2022-01-14 00:09:42.695424,0.0007685,4.628731630256478,1.1526643072361111,-4.628487912861526,0.055906796013842845,4.360148026820737
2022-01-15 00:31:17.558399,0.0007687,4.620678901347956,1.1526660525653631,-4.620441796614647,0.05590679761887373,4.32336580106326
2022-01-16 08:22:35.495615,0.0007663,4.617197079376225,1.152676524540875,-4.616937835429288,0.055906801136271646,4.275273366353657
2022-01-17 08:44:10.368095,0.0007647,4.628159381225895,1.1526660525653631,-4.627919863800468,0.05590679919055368,4.238460762998592
2022-01-18 07:13:19.489727,0.000763,4.6304950485595375,1.152653835260599,-4.630236074973888,0.055906798608793835,4.204478514431495
2022-01-19 07:34:54.353568,0.0007614,4.632028776518029,1.1526660525653631,-4.63178974719323,0.05590680076225942,4.167699880705311
2022-01-20 07:56:29.206175,0.0007631,4.629216478880318,1.152659071248355,-4.6289860683150446,0.05590680076050537,4.130900783848687
2022-01-21 08:18:04.077791,0.0007634,4.622953649019479,1.1526625619068591,-4.622703459110397,0.055906802835359044,4.094107776427968
2022-01-22 06:47:13.166591,0.0007587,4.629673392492716,1.1526625619068591,-4.629433426423832,0.05590680488729458,4.060145695175427
2022-01-23 07:08:47.981183,0.0007539,4.641453862452342,1.152653835260599,-4.641223373093674,0.055906808563355344,4.023330476481089
2022-01-24 07:30:22.817375,0.0007578,4.636249580650512,1.1526520899313473,-4.636004874663006,0.055906811368307475,3.9865352865315336
2022-01-25 13:29:14.932031,0.0007583,4.630677918847575,1.1526451086143392,-4.630423384527893,0.05590681254536595,3.941252725546503
2022-01-26 06:21:06.740640,0.0007604,4.634452043400629,1.152653835260599,-4.634201440789807,0.05590681624806016,3.9157828391033904
2022-01-27 08:35:07.342367,0.0007608,4.628087531152082,1.152646853943591,-4.627836748150047,0.05590681546033648,3.876159845826432
2022-01-28 05:11:50.658720,0.0007626,4.628069638045489,1.1526381272973312,-4.627819956181556,0.0559068154253636,3.8450219417682034
2022-01-29 05:33:25.485407,0.0007634,4.625996662621049,1.1526363819680792,-4.625760727860591,0.055906815697819065,3.808227652463106
2022-01-30 05:55:00.318144,0.0007637,4.626494373503267,1.1526346366388271,-4.626255656362753,0.05590681701813891,3.771423745076047
2022-01-31 11:53:52.433664,0.0007642,4.6209627498803965,1.1526398726265832,-4.620711086988245,0.05590681925720112,3.726152563835785
2022-02-01 04:45:44.231040,0.0007637,4.625321170289778,1.1526328913095751,-4.625072699420366,0.055906818862388935,3.7006610803548234
2022-02-02 12:37:02.069760,0.0007614,4.62204858683499,1.1526311459803231,-4.621813335543282,0.055906820051629405,3.6525454400545936
2022-02-03 11:06:11.128320,0.0007629,4.62723320139452,1.1526189286755593,-4.626995343824753,0.05590682008119524,3.6185653155952093
2022-02-04 11:27:45.942047,0.000764,4.62599784676632,1.1526189286755593,-4.625754461679536,0.05590682226432354,3.581764492730868
2022-02-05 09:56:54.985920,0.0007647,4.627709134877268,1.1526224193340633,-4.6274715492502025,0.055906825518077075,3.5477994614664503
2022-02-06 12:10:55.545312,0.0007632,4.633911191785829,1.1526206740048113,-4.633671612658068,0.055906828584800186,3.5081740274081348
2022-02-07 12:32:30.371135,0.0007619,4.632272581321111,1.1526276553218193,-4.632011930420875,0.05590683155560353,3.4713835947136733
2022-02-08 11:01:39.429695,0.0007649,4.631391898442999,1.1526328913095751,-4.631148099330536,0.05590683226659795,3.437423880800585
2022-02-09 09:30:48.497759,0.0007663,4.6286046064817405,1.1526328913095751,-4.628350866622176,0.055906833052560355,3.403458022969383
2022-02-10 07:59:57.565823,0.000766,4.624494085624779,1.1526346366388271,-4.624240910672773,0.05590683295477074,3.3694940496117898
2022-02-11 10:13:58.145088,0.0007666,4.619689781950829,1.1526328913095751,-4.619436319250319,0.05590683235398271,3.3298687774219395
2022-02-12 10:35:32.970047,0.0007682,4.618575517116719,1.1526363819680792,-4.61832569216262,0.05590683228946776,3.293069263859853
2022-02-13 10:57:07.784639,0.0007674,4.617108855205603,1.1526398726265832,-4.616861692360528,0.05590683292345318,3.2562745257439505
2022-02-14 09:26:16.853567,0.0007675,4.619172428163236,1.152646853943591,-4.618922047237087,0.05590683384218656,3.2223113680427926
2022-02-15 07:55:25.911263,0.0007687,4.616902148204871,1.152655580589851,-4.616660712237796,0.055906835274435185,3.1883566585882708
2022-02-16 10:09:26.474112,0.0007688,4.612318960196908,1.152653835260599,-4.6120806933700385,0.0559068362454578,3.1487368892032634
2022-02-17 06:46:09.782688,0.0007689,4.61484229690801,1.152659071248355,-4.6145955714599936,0.05590683830984636,3.1176050599821807
2022-02-18 10:52:36.107616,0.000771,4.611529674039198,1.1526643072361111,-4.61128983658978,0.05590683945740656,3.0751597067262426
2022-02-19 07:29:19.409279,0.0007715,4.613856691320213,1.1526677978946152,-4.613618768750438,0.05590684083367721,3.0440243363004655
2022-02-20 02:13:36.986015,0.0007719,4.613682448113335,1.1526677978946152,-4.613425290031579,0.055906840790029944,3.015720561777609
2022-02-21 11:57:20.605823,0.0007713,4.60917634792613,1.152671288553119,-4.608922401423012,0.055906839240919735,2.9647850809852403
2022-02-22 08:34:03.935136,0.0007748,4.611237703973606,1.1526747792116232,-4.610995285159823,0.0559068376046334,2.93364496098257
2022-02-23 10:48:04.546368,0.0007758,4.609243389078186,1.1526747792116232,-4.608981154380897,0.0559068366877724,2.894028879012026
2022-02-24 13:02:05.138592,0.0007731,4.613147062136255,1.152678269870127,-4.6129106884667594,0.055906834352670395,2.854410229156186
2022-02-25 13:23:39.948864,0.0007784,4.614561209115206,1.152678269870127,-4.614352548892873,0.05590683313033381,2.8176049134198426
2022-02-26 00:38:14.500607,0.0007788,4.620774080783904,1.152678269870127,-4.620550602744087,0.055906833392319145,2.800618836484096
2022-02-27 12:14:23.841888,0.0007787,4.609741106584114,1.152680015199379,-4.609540777743089,0.055906833731144606,2.7468623889516834
2022-02-28 10:43:32.900447,0.0007818,4.6198611182149945,1.152685251187135,-4.619659462175984,0.055906836537876634,2.7128963334562997
2022-03-01 12:57:33.473663,0.0007805,4.622025552538976,1.152678269870127,-4.6218180805802564,0.05590683723461846,2.6732659990616248
2022-03-02 09:34:16.784832,0.0007808,4.620925284223238,1.152680015199379,-4.620714365375033,0.05590683805373825,2.642140443489452
2022-03-03 08:03:25.854624,0.0007813,4.614559347181687,1.152681760528631,-4.614343243551438,0.05590683882920323,2.608181538969265
2022-03-04 12:09:52.187328,0.0007829,4.610872131457755,1.152680015199379,-4.610652266977126,0.055906839669301454,2.565734503791025
2022-03-05 03:09:18.249407,0.0007829,4.614571348268528,1.152685251187135,-4.61435061099805,0.05590683941959489,2.54309725137394
2022-03-06 11:00:36.122687,0.0007812,4.610425402980625,1.1526835058578828,-4.610181048378415,0.05590683951732221,2.4949946014396565
2022-03-07 11:22:10.955424,0.0007811,4.617480555592945,1.152681760528631,-4.6172659240953315,0.05590683668976844,2.458200007071675
2022-03-08 09:51:20.027808,0.0007822,4.6187117567774445,1.152680015199379,-4.618499261304468,0.05590683534675907,2.424235923150081
2022-03-09 10:12:54.890783,0.0007798,4.618843362368837,1.1526835058578828,-4.618604437696794,0.05590683554404841,2.387449729263022
2022-03-10 10:34:29.758079,0.0007782,4.62282649742761,1.152681760528631,-4.622592841387044,0.05590683245446902,2.3506545562265204
2022-03-11 09:03:38.877119,0.0007787,4.626236680755036,1.1526747792116232,-4.626010381539367,0.05590682791185991,2.316679598161727
2022-03-12 09:25:13.806623,0.0007816,4.621958785664481,1.1526730338823712,-4.621692939478556,0.055906823949208054,2.279887698614722
2022-03-13 04:09:31.435199,0.0007823,4.638702646505218,1.1526608165776069,-4.638481499290705,0.05590681419857062,2.2515591277194376
2022-03-14 04:31:06.383712,0.0007836,4.63814906126058,1.152659071248355,-4.637875352031331,0.055906811065431265,2.2147595902513815
2022-03-15 08:37:32.890943,0.0007784,4.632069381349635,1.1526608165776069,-4.631741036398505,0.05590680507311514,2.1723144964336494
2022-03-16 08:59:07.879200,0.0007853,4.633542276250753,1.152653835260599,-4.633296307222105,0.05590678489980641,2.135495050975421
2022-03-17 09:20:42.881279,0.0007796,4.645901540236211,1.1526503446020953,-4.645642550642237,0.05590677714871878,2.0987014820163594
2022-03-18 11:34:43.591872,0.0007799,4.658079757360744,1.152653835260599,-4.657852425098393,0.055906771757411676,2.0590842471604747
2022-03-19 10:03:52.771391,0.0007812,4.645627327695364,1.1526520899313473,-4.645406971590816,0.05590676718343215,2.025124159301314
2022-03-20 10:25:27.703488,0.0007782,4.642927509857111,1.1526503446020953,-4.642722518584579,0.05590676453041297,1.9883286543477126
2022-03-21 08:54:36.870047,0.0007797,4.63976624317147,1.152653835260599,-4.639549576874475,0.055906765950387495,1.9543703978110019
2022-03-22 11:08:37.543488,0.0007794,4.63715961509905,1.152657325919103,-4.636960446633166,0.055906766497058974,1.914747599685767
2022-03-23 07:45:20.923776,0.000777,4.641768744140825,1.1526503446020953,-4.641558670920093,0.05590676850359112,1.8836061111437234
2022-03-24 09:59:21.595487,0.0007764,4.641385204556608,1.152646853943591,-4.6411766007202235,0.055906769397722426,1.8439875214495631
2022-03-25 08:28:30.729216,0.0007761,4.6421350750607075,1.1526398726265832,-4.6419156582523176,0.055906771273336826,1.810006170937941
2022-03-26 08:50:05.634528,0.0007753,4.642189541299187,1.1526381272973312,-4.641967976193339,0.055906772768264834,1.7732140636061806
2022-03-27 07:19:14.729376,0.0007757,4.641305383572842,1.1526328913095751,-4.641132928173077,0.05590677236302942,1.7392465123394187
2022-03-28 09:33:15.387264,0.000787,4.643625388635399,1.1526224193340633,-4.643433468211552,0.05590677469658223,1.699599480125327
2022-03-29 08:02:24.533951,0.0007916,4.645364620635656,1.152624164663315,-4.645181491838262,0.055906775210241,1.6656417910680061
2022-03-30 10:16:25.193567,0.0007933,4.640812548390005,1.1526189286755593,-4.640626934633055,0.05590677567828068,1.6260178290519935
2022-03-31 08:45:34.325567,0.0007929,4.643973864204814,1.1526224193340633,-4.643784646863516,0.055906777927772836,1.5920411249845074
2022-04-01 09:07:09.219647,0.0007928,4.643542476191242,1.152625909992567,-4.643367065794724,0.05590677834348002,1.555252836082997
2022-04-02 09:28:44.073120,0.000792,4.642234934704295,1.1526276553218193,-4.642084925453425,0.05590677999214378,1.5184544735854755
2022-04-03 09:50:18.961151,0.0007915,4.656878256008408,1.1526171833463073,-4.656687297323569,0.0559067828928588,1.4816341196609326
2022-04-04 10:11:53.851776,0.0007904,4.653980129485232,1.1526224193340633,-4.653787319602889,0.0559067846515934,1.4448465005957727
2022-04-05 08:41:02.969952,0.0007906,4.64864704330431,1.1526276553218193,-4.648463172749397,0.05590678575544633,1.4108868167014847
2022-04-06 07:10:12.061344,0.0007909,4.6547390559194195,1.1526224193340633,-4.654580408905516,0.05590678718399505,1.3769066095316027
2022-04-07 07:31:46.955424,0.0007939,4.656501834753813,1.152624164663315,-4.656306124532909,0.05590679075391935,1.3401094258386306
2022-04-08 09:45:47.622816,0.0007915,4.656885446405208,1.1526276553218193,-4.6566752390322,0.055906791606157975,1.300488494244683
2022-04-09 08:14:56.747903,0.0007964,4.650296106569496,1.1526294006510713,-4.650099271598894,0.055906790940959905,1.2665237758146821
2022-04-10 06:44:05.885087,0.000795,4.651609107513902,1.152648599272843,-4.651414892313909,0.0559067932272829,1.2325733485935655
2022-04-11 07:05:40.781759,0.0007929,4.648410741639238,1.152653835260599,-4.648219197667119,0.05590679289019428,1.1957836270334172
2022-04-12 07:27:15.687072,0.0007924,4.650511531128522,1.152657325919103,-4.650312516551413,0.055906793131225915,1.1589958628417951
2022-04-13 05:56:24.824255,0.0007925,4.651919898744582,1.152659071248355,-4.651722209304318,0.05590679255316572,1.1250339449320486
2022-04-14 06:17:59.698464,0.0007923,4.647056355454925,1.1526643072361111,-4.64688383917281,0.05590679252177364,1.0882460443896471
2022-04-15 06:39:34.581311,0.000792,4.639274783533766,1.152680015199379,-4.63908527691042,0.055906796750104654,1.0514523067764008
2022-04-16 07:01:09.465023,0.0007933,4.633431127907506,1.152681760528631,-4.633242362788018,0.055906797219967025,1.0146574191217559
2022-04-17 07:22:44.343552,0.0007929,4.635646816992746,1.152686996516387,-4.635465662235123,0.055906798673053384,0.977868058401366
2022-04-18 05:51:53.445312,0.0007938,4.63607267724595,1.152690487174891,-4.635905538436462,0.05590680013665282,0.9439113220582829
2022-04-19 06:13:28.334208,0.0007906,4.63540360083134,1.152711431125915,-4.635201125724315,0.05590680756438204,0.9071074395745011
2022-04-20 04:42:37.482624,0.0007899,4.63357333395757,1.1527131764551668,-4.633357295921399,0.05590680707360382,0.8731469116119542
2022-04-21 06:56:38.137056,0.0007899,4.631378183538634,1.152720157772175,-4.631173158478959,0.0559068063767831,0.8335321570729486
2022-04-22 05:25:47.258687,0.0007882,4.6379339817074365,1.152707940467411,-4.6377476219666995,0.05590680260779301,0.7995512296230635
2022-04-23 02:02:30.626879,0.0007936,4.637393739145285,1.152707940467411,-4.637201857490541,0.05590680317559713,0.7684127904160427
2022-04-24 04:16:31.299455,0.0007932,4.634659550300119,1.152709685796663,-4.634460696574353,0.055906801986242156,0.7287957571710243
2022-04-25 04:38:06.197855,0.0007918,4.634111778621381,1.152702704479655,-4.6339130047061765,0.055906799757661906,0.6919914021398953
2022-04-26 04:59:41.093663,0.0007929,4.635881835815302,1.152700959150403,-4.635680249925939,0.05590679941887885,0.6551979727863844
2022-04-27 03:28:50.246400,0.0007912,4.644332356517161,1.152707940467411,-4.64412348401532,0.055906800381153275,0.6212396563641137
2022-04-28 03:50:25.139616,0.000791,4.647656973580745,1.1527149217844188,-4.6474639781754234,0.05590680016460922,0.5844522106437741
2022-04-29 04:12:00.019008,0.0007914,4.645865387450086,1.152720157772175,-4.645682467078991,0.05590680183601282,0.5476645984417995
2022-04-30 04:33:34.917408,0.0007884,4.645878188886845,1.1527166671136708,-4.64567571911956,0.05590680246811415,0.5108605421898705
2022-05-01 04:55:09.801119,0.0007887,4.644452256282218,1.1527166671136708,-4.644258483667193,0.05590680229347811,0.4740724986082257
2022-05-02 03:24:18.950399,0.0007882,4.649156298315521,1.152720157772175,-4.64895234588726,0.055906802665467936,0.44009984920259954
2022-05-03 09:23:11.135040,0.0007867,4.654028515439319,1.1527219031014269,-4.653818164519887,0.05590680274226149,0.39481609273890567
2022-05-04 04:07:28.742015,0.0007836,4.653108309372393,1.152730629747687,-4.652899243432818,0.05590680465454964,0.36652598261776254
2022-05-05 02:36:37.866239,0.0007836,4.648996393479155,1.152727139089183,-4.648792982041065,0.05590680406423687,0.3325689125832583
2022-05-06 01:05:46.987008,0.000782,4.650878128826991,1.1527253937599309,-4.650670512738888,0.05590680534084545,0.2986046714143107
2022-05-07 03:19:47.635392,0.0007826,4.64639056005361,1.1527253937599309,-4.646177631004187,0.0559068059521326,0.25899118343353966
2022-05-08 09:18:39.767327,0.0007797,4.642282092485059,1.1527236484306789,-4.642093893183149,0.05590680639911913,0.2137191787100849
2022-05-09 09:40:14.648448,0.000783,4.64495926624972,1.1527219031014269,-4.644749181804555,0.055906808898437216,0.17692538367018093
2022-05-10 10:01:49.532159,0.0007791,4.654224659159935,1.152704449808907,-4.653998111319614,0.05590680695091699,0.1401027261509704
2022-05-11 08:30:58.652064,0.000777,4.654036266460551,1.1526974684918991,-4.65381557410953,0.05590680533357245,0.10613460419661275
2022-05-12 08:52:33.526271,0.0007775,4.658489378747628,1.152699213821151,-4.658274987313885,0.0559068061090334,0.06933617716490784
2022-05-13 09:14:08.416031,0.0007774,4.661668207768052,1.1526957231626471,-4.661437707333353,0.05590680656658617,0.0325391035974474
2022-05-14 07:43:17.526431,0.0007758,4.665099097223484,1.152702704479655,-4.664877901146755,0.055906808052811625,-0.0014244001967037012
2022-05-15 08:04:52.393728,0.0007777,4.663826582257867,1.152709685796663,-4.6636125690920105,0.05590680980112958,6.244973416907096
2022-05-16 08:26:27.260159,0.0007781,4.663703529713498,1.1527149217844188,-4.663492824632879,0.055906811428874666,6.208189289997215
2022-05-17 06:55:36.361919,0.0007779,4.65877709548233,1.1527166671136708,-4.658567805690292,0.055906812946556694,6.174235728670454
2022-05-18 07:17:11.224895,0.0007802,4.652711445673393,1.1527149217844188,-4.652499285195557,0.055906813437393885,6.137451093543902
2022-05-19 07:38:46.079231,0.0007778,4.65038609474539,1.152707940467411,-4.65018224508528,0.05590681317356263,6.100658977761633
2022-05-20 08:00:20.928384,0.0007778,4.647810281677163,1.1527061951381588,-4.647603059179563,0.0559068148868437,6.063872527802076
2022-05-21 06:29:30.012000,0.000778,4.641931326318644,1.152704449808907,-4.641732297361667,0.055906815595910576,6.029911775279111
2022-05-22 01:13:47.570591,0.0007793,4.646454612717092,1.152693977833395,-4.646249773405889,0.05590681718693841,6.001600136466016
2022-05-23 07:12:39.697344,0.0007798,4.651428147256773,1.1526957231626471,-4.6512191340416065,0.05590681844267987,5.956322528714412
2022-05-24 05:41:48.780096,0.0007794,4.663543614794436,1.152693977833395,-4.663337548085411,0.05590681950101672,5.922351561839223
2022-05-25 11:40:40.893887,0.0007799,4.663886667861055,1.152693977833395,-4.663676022960608,0.055906821858771494,5.877061712070516
2022-05-26 12:02:15.728351,0.0007782,4.658475986153622,1.1527061951381588,-4.658260182177783,0.05590682654455557,5.8402731495733375
2022-05-27 04:54:07.549056,0.000776,4.665050504909223,1.152704449808907,-4.664823619328894,0.05590682716621109,5.814787731558237
2022-05-28 05:15:42.398207,0.0007763,4.657824110973749,1.152700959150403,-4.6576029223269515,0.05590682587730909,5.777999362351892
2022-05-29 05:37:17.220576,0.0007759,4.662145255459687,1.152702704479655,-4.661943406767461,0.05590682643442759,5.741202741008148
2022-05-30 09:43:43.567968,0.0007745,4.656514349759231,1.1526974684918991,-4.656295125897377,0.05590682816859547,5.6987435695915005
2022-05-31 04:28:01.123104,0.0007754,4.653378556815004,1.1526922325041429,-4.65316076655558,0.05590682815637231,5.670429024305366
2022-06-01 17:56:36.215232,0.0007761,4.643282339470611,1.152686996516387,-4.6430950038269945,0.055906828318785594,5.613824736743439
2022-06-02 08:56:02.261760,0.0007796,4.64391803904338,1.152678269870127,-4.643703498301125,0.05590682985574396,5.591159114868376
2022-06-03 09:17:37.074624,0.0007797,4.640876125238662,1.1526747792116232,-4.640679861751904,0.055906829527382546,5.5543629255953055
2022-06-04 11:31:37.660800,0.0007755,4.653872873407428,1.152657325919103,-4.653652757879078,0.05590682928255784,5.514710772099079
2022-06-05 11:53:12.472799,0.0007765,4.653187996444708,1.1526520899313473,-4.652969621309479,0.05590683027453301,5.477910384745994
2022-06-06 10:22:21.544319,0.0007774,4.646276580473364,1.1526520899313473,-4.646052069805418,0.055906830667521897,5.443944867095413
2022-06-07 08:51:30.612383,0.0007795,4.644825007774308,1.152648599272843,-4.644600983888866,0.0559068307321783,5.409980493537768
2022-06-08 09:13:05.455487,0.000782,4.641631888841096,1.1526433632850872,-4.641408726319331,0.05590682884252557,5.3731881485166095
2022-06-09 07:42:14.527008,0.0007814,4.6437100131124724,1.152646853943591,-4.643498871508397,0.05590682882158801,5.339222967668342
2022-06-10 09:56:15.108864,0.0007836,4.63905137031244,1.152648599272843,-4.638845734843781,0.055906828811210646,5.299601654031763
2022-06-11 17:47:32.963999,0.000786,4.6353623773967385,1.1526451086143392,-4.635146321810899,0.055906828308274086,5.2514779627247545
2022-06-12 12:31:50.514816,0.0007895,4.652830472101264,1.1526520899313473,-4.65264947791412,0.05590682734967233,5.2231718794330995
2022-06-13 09:08:33.839807,0.0007889,4.646314322666111,1.152657325919103,-4.646119310476978,0.05590682893375644,5.1920439484646135
2022-06-14 09:30:08.664768,0.0007913,4.646547883562401,1.152657325919103,-4.646347904641372,0.055906829501448756,5.155246558571899
2022-06-15 11:44:09.212927,0.0007891,4.642841763962961,1.1526608165776069,-4.642675006977635,0.05590683074663712,5.115631090525763
2022-06-16 00:51:09.512928,0.0007942,4.641228745290035,1.1526608165776069,-4.641037434535797,0.0559068318383715,5.095802645572393
2022-06-19 18:47:45.804192,0.0007948,4.61547835057676,1.152655580589851,-4.615284386343196,0.05590683090921648,4.959976497770422
2022-06-20 09:47:11.844671,0.0007957,4.627579889389686,1.1526625619068591,-4.6274014653434055,0.0559068319152898,4.937314340985475
2022-06-21 10:08:46.678271,0.0007969,4.624029350870428,1.152659071248355,-4.623844855342792,0.055906831630624564,4.900515891556571
2022-06-22 12:22:47.262720,0.0007961,4.626159587389144,1.1526625619068591,-4.625974806600153,0.05590683213361367,4.860888206505984
2022-06-23 08:59:30.594623,0.0007947,4.622891506472898,1.1526608165776069,-4.622686644132286,0.05590683236233158,4.829757466224568
2022-06-24 13:05:56.986944,0.0007961,4.617743380676457,1.1526625619068591,-4.617517319594343,0.05590683099840735,4.78730482987623
2022-06-25 13:27:31.906943,0.0007937,4.628011014831936,1.1526660525653631,-4.627802663325148,0.05590682403517041,4.750512378904265
2022-06-26 11:56:41.122751,0.0007902,4.619162463905422,1.1526660525653631,-4.618947707426068,0.055906813032270915,4.716557244869348
2022-06-27 08:33:24.547104,0.0007906,4.6104056774639695,1.152671288553119,-4.610186738973491,0.055906807062894394,4.685429938974712
2022-06-28 10:47:25.328544,0.0007934,4.610390383069891,1.1526730338823712,-4.6101240086288,0.05590680032862032,4.645815679713968
2022-06-29 09:16:34.579776,0.0007951,4.610250818050018,1.1526660525653631,-4.610011080575978,0.055906785088912836,4.611842749927995
2022-06-30 11:30:35.384543,0.0007892,4.614530458709768,1.1526625619068591,-4.6142539510909675,0.055906776595569904,4.57222122038933
2022-07-01 09:59:44.628000,0.0007856,4.625262280624599,1.152655580589851,-4.625044204794281,0.05590676209790776,4.538241449893761
2022-07-02 08:28:53.876640,0.0007932,4.618677817291509,1.1526625619068591,-4.6184358131987135,0.05590675812678499,4.504288352129565
2022-07-03 10:42:54.644255,0.0007898,4.620208027992007,1.1526625619068591,-4.619989793960656,0.055906749350640265,4.46466536576186
2022-07-04 09:12:03.834144,0.0007886,4.621470353464724,1.1526625619068591,-4.62128081305631,0.05590674555202073,4.430694841827432
2022-07-05 11:26:04.535231,0.0007877,4.618799554792111,1.1526625619068591,-4.618633531325968,0.055906745551987366,4.391077082942566
2022-07-06 13:40:05.239776,0.0007926,4.614157608917294,1.152659071248355,-4.613975334339181,0.05590674766885811,4.351452555382163
2022-07-07 10:16:48.642527,0.0007913,4.617256102788083,1.152659071248355,-4.617070628866525,0.05590675164203179,4.32032024499534
2022-07-08 08:45:57.822912,0.0007939,4.617618680547937,1.1526608165776069,-4.617430198440199,0.05590675359644753,4.2863629523094815
2022-07-09 12:52:24.276575,0.0007909,4.618523904860685,1.1526608165776069,-4.6183539251752785,0.05590675521182167,4.243915707866133
2022-07-10 09:29:07.683647,0.0007896,4.625375611054354,1.1526451086143392,-4.625178729187709,0.05590675644111804,4.212752869386952
2022-07-11 09:50:42.626975,0.0007913,4.6227794435256815,1.1526398726265832,-4.6225846593125635,0.05590675559931823,4.1759566383577855
2022-07-12 10:12:17.569440,0.000791,4.623683524093479,1.1526398726265832,-4.623494481498697,0.055906755817615984,4.139165097797013
2022-07-13 08:41:26.757600,0.0007904,4.62663104447321,1.1526416179558352,-4.626445803982342,0.05590675523953338,4.105203281171296
2022-07-14 09:03:01.685376,0.0007933,4.621519023927891,1.1526416179558352,-4.621340041987061,0.055906756200200476,4.0684130907277565
2022-07-15 09:24:36.597599,0.0007937,4.622550807692877,1.1526398726265832,-4.6223899058585305,0.055906757040246384,4.031621410448617
2022-07-16 07:53:45.774527,0.0007951,4.627827406355202,1.1526363819680792,-4.627643139518707,0.055906758720359405,3.9976522001289863
2022-07-17 08:15:20.677247,0.0007952,4.625618230245704,1.1526346366388271,-4.625453810870583,0.05590675973504003,3.9608635823217324
2022-07-18 08:36:55.596384,0.000795,4.628399416860882,1.1526294006510713,-4.6282194873910365,0.05590676133822224,3.9240558898439124
2022-07-19 08:58:30.506015,0.000792,4.635180900867507,1.152624164663315,-4.635010858609347,0.0559067620243992,3.8872604272398177
2022-07-20 07:27:39.648384,0.0007926,4.626641273497369,1.1526206740048113,-4.626459911464092,0.05590676331151932,3.8532895865292827
2022-07-21 09:41:40.282944,0.0007963,4.626089904631687,1.1526136926878032,-4.625952281666516,0.055906762349244556,3.8136567108715536
2022-07-22 00:41:06.377856,0.0008053,4.633048910057095,1.1526032207122912,-4.63289085761273,0.05590676520663736,3.7909948047824473
2022-07-23 10:24:50.104799,0.0008056,4.622029781717921,1.1525927487367793,-4.621846725707925,0.055906765400320635,3.740039197964626
2022-07-24 08:53:59.248032,0.0008037,4.632655702647045,1.1525979847245353,-4.632490721593419,0.055906767115378134,3.7060675735571658
2022-07-25 07:23:08.383487,0.0008024,4.6279956738515695,1.1525979847245353,-4.627829060636789,0.05590676851250581,3.672106958392284
2022-07-26 09:37:09.043103,0.0008042,4.620547197678961,1.1526014753830391,-4.620383395387117,0.05590676967054543,3.632485182911061
2022-07-27 08:06:18.169920,0.0008055,4.618258482156611,1.1525979847245353,-4.618102925498026,0.05590677017177039,3.5985203874105016
2022-07-28 06:35:27.291551,0.000804,4.617890880087675,1.1526049660415432,-4.617725530190141,0.05590677453975884,3.564560301838194
2022-07-29 10:41:53.721887,0.0008023,4.616655676370498,1.1526014753830391,-4.616483816846332,0.05590677381834222,3.5221029081232147
2022-07-30 09:11:02.820192,0.0008003,4.618010105080014,1.1526014753830391,-4.617855789384135,0.055906776656282214,3.488140800304722
2022-07-31 05:47:46.159008,0.0008051,4.614233895365035,1.1526049660415432,-4.614077160540893,0.05590678073977246,3.4570050263665126
2022-08-01 08:01:46.803072,0.0008004,4.615394035276707,1.1526067113707954,-4.61522028842249,0.05590678396011702,3.4173807853257316
2022-08-02 08:23:21.692831,0.0007963,4.62027202491402,1.1526049660415432,-4.620085015533557,0.05590678637181014,3.380589722428139
2022-08-03 08:44:56.573951,0.0007949,4.62233965420083,1.1526084567000472,-4.622146903061084,0.05590678809732965,3.3437914913397115
2022-08-04 09:06:31.455072,0.0007925,4.623919456264434,1.1526171833463073,-4.623722919032833,0.055906791101309965,3.307007651986759
2022-08-05 07:35:40.584479,0.0007938,4.620244363655715,1.1526224193340633,-4.620047769689074,0.055906791681266096,3.2730549755662475
2022-08-06 07:57:15.477695,0.0007953,4.6204945330497065,1.1526206740048113,-4.620298412115159,0.05590679090586293,3.236257524708953
2022-08-07 06:26:24.601919,0.0007926,4.622528188426685,1.1526276553218193,-4.622331651436042,0.05590679230478738,3.202303220919972
2022-08-08 06:47:59.498592,0.0007902,4.6195630998688975,1.1526276553218193,-4.619362609665332,0.05590679178075675,3.1655111807154226
2022-08-09 07:09:34.370207,0.0007912,4.6153600561181936,1.1526294006510713,-4.61516715254978,0.0559067921632956,3.1287163041120585
2022-08-10 05:38:43.504800,0.0007922,4.613650631356889,1.1526328913095751,-4.613447298916498,0.05590679240439376,3.0947564290917033
2022-08-11 06:00:18.388511,0.0007935,4.608778698497787,1.1526381272973312,-4.608587600857277,0.05590679198011875,3.0579701021131522
2022-08-12 06:21:53.249760,0.0007942,4.6006501159464115,1.1526416179558352,-4.600476642124466,0.05590679248317266,3.021175369105869
2022-08-13 06:43:28.125696,0.0007928,4.610436467742914,1.1526398726265832,-4.610240750022044,0.055906795637225476,2.984374946132512
2022-08-14 07:05:03.011136,0.0007931,4.619698342543006,1.1526433632850872,-4.619500926137497,0.05590679736279355,2.947585433884779
2022-08-15 05:34:12.144864,0.0007952,4.6165743006330695,1.152653835260599,-4.61637229245131,0.0559067984789881,2.913626010041
2022-08-16 02:10:55.495775,0.0007967,4.615670085787972,1.152655580589851,-4.615488457117931,0.05590679825027536,2.8824915428189124
2022-08-17 06:17:21.935615,0.0007946,4.613315095971018,1.152655580589851,-4.613105177921594,0.05590679803188789,2.8400455894642294
2022-08-18 04:46:31.066752,0.0007917,4.617068892698892,1.1526608165776069,-4.616866718389867,0.05590679778208856,2.8060793588479513
2022-08-19 01:23:14.435807,0.0007932,4.617983151315739,1.1526643072361111,-4.617789587069435,0.05590679728094144,2.7749484518536236
2022-08-20 03:37:15.111840,0.0007942,4.613737136971946,1.1526677978946152,-4.613526435726811,0.05590679643047996,2.735332484457077
2022-08-21 03:58:50.027520,0.0007956,4.615500505442603,1.1526660525653631,-4.615295798936709,0.05590679321002306,2.6985515154841515
2022-08-22 04:20:24.899135,0.0007917,4.620517172160779,1.1526625619068591,-4.620336262774098,0.055906792444889664,2.6617562145947713
2022-08-23 02:49:34.020767,0.0007908,4.618168181623339,1.1526625619068591,-4.617974829618818,0.05590679423498923,2.6277993545644542
2022-08-24 03:11:08.905343,0.0007929,4.619252978858956,1.152655580589851,-4.619050623697917,0.05590679397127879,2.590991252696516
2022-08-25 03:32:43.789056,0.0007881,4.623831270430031,1.152653835260599,-4.623626234611788,0.05590679485479601,2.5541995667771613
2022-08-26 03:54:18.660672,0.0007888,4.628701605193227,1.152659071248355,-4.628498965825759,0.0559067983163833,2.517410205745362
2022-08-27 02:23:27.775392,0.000788,4.6276188680158485,1.1526643072361111,-4.627421443548451,0.05590679976946971,2.4834555185204485
2022-08-28 02:45:02.681568,0.0007848,4.629607121688024,1.152671288553119,-4.629401568022267,0.05590679964017645,2.4466642824818066
2022-08-29 03:06:37.583424,0.0007851,4.6234335994529,1.1526730338823712,-4.623213176377362,0.055906799717047304,2.409874633677179
2022-08-30 09:05:29.756831,0.0007822,4.623017855443249,1.152669543223867,-4.622807430158421,0.05590679799139631,2.3645910973829767
2022-08-31 01:57:21.605184,0.000781,4.622972932766798,1.152669543223867,-4.622755953530798,0.055906797598396174,2.339112638161276
2022-09-01 02:18:56.498399,0.0007793,4.621013415498036,1.152669543223867,-4.620791050970459,0.055906797554672025,2.3023289083866167
2022-09-02 10:10:14.425247,0.0007791,4.6153179158676,1.1526660525653631,-4.615091492280505,0.055906797138972585,2.254221108980622
2022-09-03 08:39:23.529599,0.0007757,4.623009455561681,1.1526643072361111,-4.622797540570437,0.05590679697466345,2.220245914301312
2022-09-04 01:31:15.353759,0.0007765,4.625137751940333,1.1526643072361111,-4.624931904774975,0.05590679754229583,2.194771873383932
2022-09-05 01:52:50.210687,0.0007813,4.632979980808101,1.1526660525653631,-4.632777575772771,0.05590680163621688,2.157982916954496
2022-09-06 00:21:59.311584,0.0007807,4.638483001530219,1.1526677978946152,-4.638276945056678,0.05590680472571875,2.1240209340357867
2022-09-07 00:43:34.162463,0.0007814,4.63255208115478,1.1526677978946152,-4.632352705212692,0.055906806122921524,2.0872326455652015
2022-09-08 01:05:09.007296,0.0007834,4.622013783177972,1.1526677978946152,-4.6218215425583775,0.05590680747651035,2.0504428504873955
2022-09-09 07:04:01.173791,0.0007803,4.622776030533238,1.152657325919103,-4.622551966005666,0.055906807888460586,2.0051549823469235
2022-09-10 14:55:19.098911,0.0007791,4.622434939331693,1.1526520899313473,-4.6221934097258845,0.05590680695923726,1.957038872124301
2022-09-11 00:17:27.900672,0.0007751,4.632677489383379,1.152653835260599,-4.632439933999866,0.055906806555675495,1.9428639670553878
2022-09-12 10:01:11.551584,0.000772,4.632178093323184,1.152648599272843,-4.6319538685386465,0.055906806019337174,1.8919199130280129
2022-09-13 01:00:37.618847,0.000774,4.626955966234512,1.152653835260599,-4.626724824180473,0.055906806817606125,1.8692799023172118
2022-09-14 12:36:46.999872,0.0007751,4.618865996679677,1.1526503446020953,-4.618653915813385,0.05590680744982987,1.8155092558018913
2022-09-15 07:21:04.568831,0.0007787,4.613541593900822,1.1526503446020953,-4.613323303497603,0.05590680941474149,1.7872031706175082
2022-09-16 13:19:56.665343,0.0007739,4.60888122504981,1.1526416179558352,-4.608661246416727,0.0559068108203716,1.7419106273589189
2022-09-17 06:11:48.422975,0.0007765,4.620589384305277,1.1526346366388271,-4.620381251353097,0.05590681418058676,1.7164051013396964
2022-09-18 12:10:40.521216,0.000773,4.63213502315805,1.1526294006510713,-4.631914822155701,0.05590681753011926,1.671110084978765
2022-09-19 06:54:58.083263,0.0007748,4.633579382481347,1.152625909992567,-4.633344696064394,0.05590681903559316,1.6427930601709229
2022-09-21 11:22:59.250432,0.0007735,4.619127785157322,1.1526294006510713,-4.618917950814972,0.05590681958224099,1.5635605567852833
2022-09-22 13:36:59.838335,0.000778,4.6176291819681206,1.1526294006510713,-4.617405787607172,0.05590682189647933,1.5239291767440153
2022-09-23 13:58:34.715136,0.0007786,4.62210895489793,1.1526206740048113,-4.621854753772471,0.05590681963469411,1.4871199290295236
2022-09-24 12:27:43.829855,0.0007785,4.621278675486041,1.1526154380170552,-4.62104330501854,0.055906813771706344,1.4531437556216176
2022-09-25 12:49:18.637536,0.0007763,4.628213831519099,1.1526224193340633,-4.628013928255903,0.05590681490868549,1.416353990544827
2022-09-26 05:41:10.443552,0.0007762,4.620435465031915,1.1526224193340633,-4.6202100115802915,0.05590681731007957,1.3908742903083573
2022-09-27 11:40:02.542656,0.0007749,4.611474838491332,1.1526328913095751,-4.611254886593599,0.05590681951772069,1.3456065316686368
2022-09-28 10:09:11.596895,0.0007771,4.605299771040031,1.1526294006510713,-4.605091296083883,0.05590682001899,1.3116387822344864
2022-09-29 12:23:12.124320,0.0007793,4.587296312202195,1.152624164663315,-4.587111871088299,0.05590682088000562,1.272011402048441
2022-09-30 10:52:21.189792,0.0007746,4.597687602515692,1.1526119473585512,-4.597454116641894,0.05590682374735072,1.2380037395560868
2022-10-01 11:13:55.974144,0.0007746,4.600307773141772,1.1526119473585512,-4.600086028756525,0.05590682728395455,1.201187176875752
2022-10-02 04:05:47.754240,0.0007792,4.612682995259162,1.1526049660415432,-4.61245975468507,0.05590683060055462,1.1757090937729258
2022-10-03 08:12:14.106816,0.0007771,4.628826572688891,1.1526067113707954,-4.628575017192291,0.05590683399564709,1.1332380305640546
2022-10-04 12:18:40.461984,0.0007798,4.624062217036665,1.1526136926878032,-4.623822536553602,0.0559068319891656,1.0907940391763933
2022-10-05 10:47:49.540416,0.0007839,4.6245166514085065,1.152624164663315,-4.624290266229652,0.05590683249420735,1.0568412257335718
2022-10-06 09:16:58.628351,0.0007815,4.61650276223291,1.1526311459803231,-4.61627040266368,0.05590683162272961,1.0228863774900907
